name;email;document;city;state;start_date
"Samuel Lourenço Mendonça";ofontes@yahoo.com;227.408.320-79;"Alexandre do Sul";SC;02/09/2018
"Sr. Emerson Tamoio Rezende";portiz@valentin.com.br;105.804.282-30;"Porto Melinda do Sul";MG;21/04/1976
"Ellen Fidalgo Rodrigues Jr.";michelle.colaco@defreitas.net.br;180.048.386-42;"Santa Adriel";CE;27/12/1982
"Dr. Matheus Fabrício Galindo";rocha.christopher@r7.com;231.080.677-37;"Serna do Norte";RO;05/01/1982
"Tainara Ramos";benedito.rodrigues@yahoo.com;131.533.894-70;"Ortega d'Oeste";MT;09/08/2022
"Edson Salas Pacheco";paz.isis@yahoo.com;768.725.472-43;"Vila Matias do Norte";BA;09/12/2019
"Yasmin Benites";cdefreitas@hotmail.com;597.278.764-47;"Delgado do Norte";SP;18/10/1983
"Elaine Pereira Guerra";leon.valeria@lourenco.com.br;571.333.968-82;"São Ester do Leste";SE;27/03/2002
"Danielle Mariana Godói Neto";vanessa.perez@alves.br;716.560.841-98;"Porto Beatriz do Norte";RN;01/10/2013
"Hernani Wagner da Cruz";domingues.emiliano@gmail.com;020.098.632-59;"Fabiana do Norte";PA;30/07/1983
"Dr. Henrique Juan Duarte Filho";tamara79@leal.com;555.295.678-86;"Porto Raquel";RO;23/02/1976
"Manoela Corona";pvieira@vega.net.br;129.225.293-63;"Heitor do Sul";GO;07/09/1975
"Mateus Wesley Saraiva";arthur.mascarenhas@serra.org;935.880.685-03;"Maísa do Sul";PR;05/01/2006
"Pedro Bonilha Filho";iasmin54@terra.com.br;955.656.226-54;"Gusmão do Leste";DF;28/05/1984
"Sr. Dante Fidalgo Santana";cgoncalves@sandoval.br;423.692.855-83;"Andressa do Norte";CE;06/04/1995
"Naiara Mendonça";molina.miguel@cortes.com;279.882.310-22;"Teobaldo do Leste";AM;27/05/1999
"Sr. Everton das Neves Bonilha";jimenes.marco@uol.com.br;383.109.593-03;"Abgail do Norte";AL;09/08/1978
"Rodrigo Bezerra Deverso";valentina90@r7.com;967.365.459-00;"São Reinaldo";SC;08/11/1977
"Paloma Prado Sobrinho";testeves@ig.com.br;005.291.909-90;"Vila Aline do Sul";RN;28/07/1978
"Ícaro Emílio Esteves Filho";vieira.lucas@gmail.com;360.739.812-79;"Vila Anderson";AP;03/10/2009
"Sr. Eduardo da Rosa Ferminiano Sobrinho";mbarreto@terra.com.br;463.756.179-52;"Solano do Norte";RR;27/05/2010
"Sr. Arthur Verdara Sobrinho";henrique.cervantes@salazar.br;529.310.711-96;"Vila Norma";MA;12/12/1980
"Luiz Marin";paula00@uol.com.br;736.469.668-74;"Fonseca d'Oeste";TO;18/08/2021
"Dr. Téo Lourenço Ferminiano Neto";zbittencourt@uol.com.br;319.758.770-71;"Delgado do Sul";RO;04/02/2012
"Sr. Lucas Salgado Filho";betina97@cruz.net;984.267.004-03;"Esther do Norte";RJ;16/05/1970
"Kauan Quintana Rios";leal.gabrielle@hotmail.com;112.230.422-60;"Daniel do Leste";CE;19/11/1990
"Srta. Eloah Mayara Valdez Jr.";sergio59@balestero.org;297.361.527-58;"Nayara do Norte";PB;13/04/1977
"Ricardo Cervantes Padrão";ydefreitas@galindo.net.br;105.691.158-17;"São Robson do Leste";PR;29/06/2021
"Sra. Verônica Dominato Padilha Sobrinho";tamoio.adriel@uol.com.br;512.447.423-84;"Porto Janaina";RR;06/05/2021
"Dr. Flávia Rico";emanuelly.sepulveda@ig.com.br;402.517.875-32;"Santa Maísa";SE;28/07/1977
"Márcia Mendonça Ferreira Neto";bernardo.delatorre@gmail.com;049.348.437-01;"Brito do Leste";PA;06/04/1995
"Sr. Luan Serna Verdugo Neto";emerson27@hotmail.com;521.658.803-51;"Ramires do Norte";AL;28/12/1976
"Dr. Tessália de Arruda Queirós";cristiana.ortega@cordeiro.org;220.227.166-04;"Santa Ícaro";DF;24/05/1980
"Jorge Renan Bonilha";fcruz@uol.com.br;029.279.871-73;"Alves do Norte";CE;14/04/1994
"Dr. Thalita Padrão Filho";mila62@delvalle.net;796.985.927-50;"Isabella d'Oeste";AC;27/06/1980
"Dr. Franco Gean Saraiva";franco.feliciano@terra.com.br;732.166.475-95;"São Franco";GO;05/01/1989
"Dr. Mari Mirella Jimenes";lia.duarte@terra.com.br;450.072.896-12;"São Diana";PR;30/05/1979
"Sra. Alma Azevedo Maldonado Jr.";wgrego@mendonca.com;332.139.596-77;"Porto Tâmara";PE;04/12/1992
"Karen Souza de Freitas";martinho45@r7.com;050.032.521-96;"São Raquel do Leste";RN;06/12/2010
"Paola Perez";gquintana@carmona.br;920.133.767-15;"Vila Roberto";BA;27/09/1970
"Eva Matos";aaron.faria@leal.br;113.854.751-45;"Vila Mel";SP;14/04/1975
"Sr. Rafael de Aguiar Leal";stella26@dacruz.com.br;025.224.247-50;"Santa Isabelly do Leste";GO;23/02/2006
"Letícia Isabelly Sanches";toledo.cristian@gmail.com;255.755.996-20;"Santa Janaina";RN;19/12/1978
"Dr. João D'ávila Meireles Neto";dayana.leon@terra.com.br;834.673.004-72;"São Eunice";MT;11/08/1990
"Dr. Ester Giovanna Pontes";luan39@yahoo.com;139.461.080-75;"Sandra d'Oeste";AM;10/05/1975
"Benedito Sales Filho";felipe37@r7.com;254.886.136-84;"Urias do Leste";PR;25/06/1974
"Ian Lira";alan32@ig.com.br;607.531.645-07;"Santa Heloísa";AL;25/03/2008
"Samara Amélia Mendonça Sobrinho";rocha.carla@bittencourt.org;741.261.916-07;"Porto Thales d'Oeste";MS;18/05/1988
"Sr. Gian Oliveira Maia Filho";iasmin.pedrosa@ortega.br;753.947.623-09;"Porto Eliane";AM;11/05/1986
"Kevin Solano Urias";simone28@r7.com;549.799.327-38;"Ortega do Sul";AP;20/06/1973
"Mel Vieira Vale";dqueiros@hotmail.com;043.099.555-50;"Benez do Leste";SP;28/09/1975
"Marcos Artur Saraiva Filho";zduarte@dasilva.com.br;206.885.794-42;"Santa Lidiane";TO;23/05/2017
"Lara Flores Sales Filho";luiza79@terra.com.br;469.464.152-21;"Léia do Leste";RR;18/08/2001
"Dr. Noelí Tábata Queirós";enzo95@carvalho.com;281.633.393-06;"Adriana d'Oeste";AM;01/03/1994
"Louise Carmona de Souza Sobrinho";augusto.valentin@r7.com;716.618.446-93;"São Camila d'Oeste";PR;11/09/1981
"Fabrício Padrão Velasques";afernandes@roque.com;120.702.177-60;"Barreto d'Oeste";CE;28/08/1987
"David Alonso Vila";dpadrao@r7.com;157.776.580-08;"Elaine do Sul";MG;26/01/1985
"Sr. Nelson da Rosa da Silva Jr.";benedito.santana@chaves.com.br;347.687.828-76;"Bruna d'Oeste";SC;21/07/2012
"Jean Carrara Matos";apena@padrao.net.br;473.722.108-28;"Santa Otávio d'Oeste";AL;04/10/1994
"Bruno Romero Filho";franco.joaquin@vale.net.br;202.595.425-55;"Vila Diogo";MS;13/02/1978
"Daniella Marta Vega";hpacheco@dias.com.br;154.448.983-81;"São Mariana";GO;26/09/2019
"Olga Valente";ddelgado@garcia.net.br;430.800.315-63;"São Maiara do Leste";PA;06/11/2006
"Cláudio Mendonça";garcia.diana@gmail.com;269.549.075-53;"Zaragoça do Leste";RO;15/03/1980
"Dr. Marcos Torres";rafaela.valentin@mascarenhas.org;236.964.053-70;"Caldeira do Norte";MG;01/12/1985
"Amanda Pâmela Vila";afonso.salazar@madeira.net.br;483.656.165-56;"São Heloise do Norte";AP;14/08/1974
"Karina Paes";ovalencia@yahoo.com;706.673.918-35;"Leandro do Sul";SC;15/12/1985
"Srta. Poliana Toledo Madeira";obittencourt@hotmail.com;310.364.938-06;"Santa Patrícia";AL;28/07/2022
"Adriana Godói";fdefreitas@galhardo.net;197.112.050-25;"Ávila do Sul";PI;25/06/2006
"Sr. Nicolas Torres Aguiar Neto";jqueiros@madeira.com;473.721.588-00;"Santa Fernanda do Leste";PB;03/04/2021
"Matheus Pedro Carrara Neto";gusmao.stella@alves.com;774.551.551-31;"São Giovanna do Sul";SC;14/08/2022
"Suzana Maya Valência Sobrinho";alicia.rezende@delvalle.com;417.371.115-86;"Marques d'Oeste";MA;22/02/2018
"Sra. Olga Vale Santiago Jr.";clara15@hotmail.com;073.520.639-27;"Emanuelly do Leste";RS;25/06/1987
"Srta. Isabel de Souza Valdez";isadora.urias@yahoo.com;381.052.713-03;"Vila Cláudio";PI;01/01/2019
"Luara Regina Montenegro Sobrinho";zleon@queiros.net.br;229.286.294-83;"Porto Juliano";SC;29/07/1976
"Lavínia Casanova Jr.";salas.murilo@montenegro.com;628.922.537-56;"Cristian do Sul";BA;18/07/2007
"Ivan Gil Paes";elis.roque@roque.net.br;969.644.984-43;"Valentin do Sul";PB;25/07/1994
"Sra. Bárbara Rios";saulo25@zamana.com;437.912.228-05;"Porto Maísa do Leste";MG;23/05/2011
"Dr. Daiane Nádia Faro";ortiz.michelle@yahoo.com;903.636.802-25;"Dirce do Norte";GO;15/10/1996
"Sra. Júlia Verdara Pereira Neto";francisco51@ig.com.br;044.058.873-14;"Tatiane do Norte";SC;01/05/2019
"Sr. Adriano Emanuel Camacho";avega@rosa.net;174.988.555-77;"Carrara do Norte";MT;30/07/1979
"Olívia Alana Carmona";marinho.lucio@leon.net.br;150.767.334-53;"Porto Amanda d'Oeste";DF;18/07/1974
"Dr. Walter Campos Balestero";clarice46@gmail.com;758.713.460-30;"Rivera do Norte";BA;20/05/1975
"Srta. Mariana Gusmão Batista";felipe.marinho@uol.com.br;619.131.673-99;"Kamila do Sul";ES;28/12/2002
"Sra. Marília Paes";cristiana25@uol.com.br;510.799.079-71;"Vila Júlio do Leste";MT;26/09/1976
"Srta. Manoela Assunção Sobrinho";renan38@ig.com.br;524.748.233-60;"Santa Ariane";AC;29/07/2009
"Tiago Gean Barros";mendonca.dante@terra.com.br;027.720.387-26;"Allan d'Oeste";AM;27/03/1975
"Dr. Renan Oliveira Leal Neto";marco.medina@uol.com.br;167.791.294-45;"Vila Renan";AC;08/10/1987
"Dr. Júlio de Oliveira Ortiz";ppadilha@galvao.net.br;794.277.228-43;"São Cláudia";PI;29/10/2017
"Dr. Nicolas Valdez Filho";ncordeiro@ig.com.br;424.339.199-83;"Porto Antonella";DF;28/01/1985
"Sr. Diego Espinoza Balestero Jr.";dante46@queiros.org;556.640.127-90;"São Maurício d'Oeste";PB;07/07/1994
"Gustavo Delatorre Aranda";rico.adriel@souza.com;534.865.872-34;"São Regina do Leste";PB;16/03/2018
"Wellington Guilherme Madeira Filho";isabella.montenegro@gmail.com;513.968.627-90;"Matheus do Leste";PI;29/06/1988
"Sra. Rebeca Corona";ferreira.emilia@yahoo.com;680.046.669-73;"Tatiane do Sul";SE;09/12/1992
"Thales Rios Galindo Neto";aurora88@ig.com.br;411.536.719-99;"Santa Emília do Leste";SC;16/01/1973
"Lilian Mary Santana";rebeca08@lutero.com.br;365.088.408-94;"Yasmin do Sul";RO;12/06/2000
"Dirce Madeira";mari61@r7.com;229.049.378-38;"Padilha do Sul";RN;11/09/2013
"Sr. Allan Sandoval Cortês";josue62@caldeira.com;139.615.275-04;"Léia d'Oeste";TO;28/03/2011
"Simon Richard Ferreira";asoto@vale.org;339.117.186-32;"Robson do Sul";SE;28/04/1996
"Dr. Deivid Ferreira Delgado";tamara.vieira@ig.com.br;859.006.575-82;"Porto Amanda do Leste";RS;05/06/1990
"Saulo Marés Neto";cordeiro.maximiano@terra.com.br;138.649.619-71;"Téo do Leste";TO;04/11/1978
"Cíntia Salazar";delatorre.andres@dasilva.com;410.173.215-90;"Kauan do Leste";CE;29/11/2017
"Alma Pena Esteves";trico@vieira.com.br;685.697.627-55;"Santa Natal";RR;18/11/1994
"Katherine Barreto de Oliveira Neto";zbenez@terra.com.br;305.565.268-13;"São Maurício";SE;06/09/2017
"Sr. Cristiano Tamoio";tcorreia@ig.com.br;049.531.989-99;"Vila Thiago do Norte";RJ;01/08/2008
"Dr. Pâmela Cortês Neto";uvelasques@gmail.com;595.439.133-58;"Rios d'Oeste";PB;24/01/1989
"Srta. Thalita Rangel Valente Neto";fabiano.leon@ig.com.br;951.793.269-31;"Vila Sergio";AL;31/10/1973
"Dr. Otávio Michael Vega Jr.";yuri84@gmail.com;693.925.341-67;"Pontes do Leste";AL;06/09/2001
"Raysa Emily Aranda Sobrinho";iguerra@rodrigues.com.br;639.983.786-34;"Santa Yasmin do Sul";MS;28/07/2010
"Mônica Carvalho Jr.";jorge53@r7.com;118.142.621-99;"Santa Igor";PA;14/02/1975
"Stella Casanova";tiago33@gmail.com;520.388.972-47;"Porto Elis";SC;06/10/2013
"Sra. Norma Verdara";bezerra.manoela@pedrosa.br;020.614.634-52;"Porto Noa do Sul";TO;03/08/1984
"Bruno Serra Neto";hortencia28@roque.com.br;111.103.608-00;"Vila Simone do Leste";SE;05/05/2004
"Sra. Constância Souza Benites";juliane67@ortega.br;566.542.359-91;"Mendonça do Sul";AP;20/09/2006
"Dr. Ellen Alcantara Vega Sobrinho";csolano@azevedo.br;766.491.697-65;"São Rafael";AC;11/08/1973
"Bianca Feliciano Jimenes Jr.";george.toledo@brito.com.br;000.415.188-70;"Santa Pérola";PB;10/08/1975
"Sr. Paulo Reis Neto";tabata.colaco@yahoo.com;937.973.970-20;"Porto Raissa d'Oeste";RN;27/05/1983
"Tábata Furtado Serra Sobrinho";caroline90@esteves.br;880.228.885-24;"Emanuelly do Norte";SP;06/08/2018
"Katherine Valdez";neves.yuri@yahoo.com;729.224.820-90;"Vila Stella do Leste";SC;14/07/1974
"Sr. Cristian Arruda Delvalle Neto";zmatias@esteves.com.br;863.788.964-61;"Santa Katherine";PI;09/04/1996
"Dr. Augusto Sepúlveda";dayana40@espinoza.net;733.213.880-81;"Delatorre do Sul";ES;24/03/1986
"Dr. Nero Martines Molina";noel.escobar@balestero.net;411.192.577-43;"Ortega do Norte";RS;08/01/1985
"Dr. Carlos Eduardo Pedrosa";josue.paes@cervantes.net.br;630.205.049-96;"Santana do Sul";ES;15/12/2001
"Gisela Montenegro";srocha@serra.org;140.045.633-99;"Lozano do Sul";MG;15/01/2019
"Sr. César Marques Romero Jr.";qfernandes@santos.net;281.849.921-65;"Vila Tomás do Leste";RS;28/02/2002
"Srta. Antonella Arruda";oquintana@ig.com.br;087.283.138-87;"São Pietra d'Oeste";AP;21/01/1982
"Fábio Cervantes Neto";manoela22@terra.com.br;290.583.582-67;"Porto Cauan";AL;08/03/2021
"Ricardo Sebastião Pedrosa";uperez@pacheco.net.br;380.700.319-30;"São Manuela";MS;02/03/2019
"Sr. Wesley Domingues Pena";walter.carrara@pedrosa.com;719.363.710-06;"Porto Franciele";AC;24/11/2001
"Esther Medina Sobrinho";earanda@galhardo.com;104.104.357-08;"São Gabriel do Sul";AC;25/05/1986
"Juliane Vanessa Martines Sobrinho";proque@uol.com.br;252.756.518-21;"Ruth do Norte";SP;01/03/1995
"Karina Rivera Neto";smolina@terra.com.br;840.506.947-00;"Ferminiano do Norte";SE;06/09/1979
"Márcia Fernandes";juliano.casanova@yahoo.com;355.538.175-01;"Estrada do Sul";PA;11/10/1997
"Dr. Thalissa Mia Escobar Sobrinho";davi.pacheco@rodrigues.com;470.838.006-26;"Tainara do Norte";PA;26/12/1987
"Felipe Flávio Gonçalves Neto";aranda.mari@dias.com.br;542.066.978-17;"São Evandro";SC;06/01/1997
"Sergio Reinaldo Corona";omaia@r7.com;729.218.329-84;"Tatiane d'Oeste";AC;24/07/1972
"Poliana Mel Carrara";xdelgado@terra.com.br;030.359.346-65;"Torres do Norte";MA;19/05/1983
"Dr. Flor da Rosa Ferraz";raissa.sandoval@valencia.com;233.151.570-06;"Santa Roberta d'Oeste";RJ;03/04/2020
"Sr. Camilo Fábio Rios Sobrinho";horacio.matos@gmail.com;929.150.925-67;"Ferminiano do Sul";SE;31/05/1972
"Fábio Barreto";afonso79@aguiar.com;495.297.597-54;"Porto Gilberto";AC;11/12/2016
"Milena de Aguiar";gean.prado@neves.net;667.136.253-04;"Porto Wilson do Norte";RR;04/03/2002
"Sr. Joaquin Rico Urias Filho";elaine69@pontes.com.br;089.253.759-07;"Gabriela d'Oeste";MG;21/12/2012
"Sra. Sophie Carla Casanova";carmona.dener@hotmail.com;607.922.725-87;"Vila Thales";MA;01/03/2008
"Dr. Hernani Delatorre Dominato Neto";cristiana66@ig.com.br;016.050.851-70;"Marin do Leste";RN;02/08/2001
"Sr. William Isaac Feliciano";fgomes@r7.com;161.264.328-00;"Luísa do Norte";RR;28/12/1987
"Cezar Luan da Silva Sobrinho";renan03@ig.com.br;180.058.231-50;"Porto Allison";CE;16/02/2007
"Emanuelly Valentina Valentin Jr.";lorenzo.branco@yahoo.com;980.742.298-15;"Porto Robson";RO;13/08/1984
"Alan Jonas Espinoza Sobrinho";thalia.campos@defreitas.com;090.061.725-02;"Bia do Norte";RR;02/12/1996
"Sr. Wellington Zambrano";furtado.catarina@terra.com.br;737.778.411-37;"da Rosa do Norte";PB;06/12/1975
"Dr. Máximo Cristóvão Vale Neto";marin.joaquin@ig.com.br;988.389.546-15;"Toledo do Norte";RR;15/08/2000
"Srta. Bella Godói";rsantacruz@gmail.com;682.858.528-30;"São Jorge";RJ;15/05/2014
"Samuel Thales Verdara Jr.";faria.lorenzo@lourenco.com;572.318.153-08;"Estêvão do Leste";MS;30/07/1973
"Sra. Miriam Sepúlveda Marés Sobrinho";aline44@terra.com.br;806.218.360-28;"São Luísa do Norte";MT;29/03/1997
"Sra. Vanessa Hortência Vieira";gabriel.faria@santana.com.br;604.087.947-55;"Vila Ariane";RS;05/04/1982
"Carol Escobar Jr.";qvasques@correia.br;096.022.933-73;"Santana d'Oeste";MS;18/05/2018
"Alexandre das Dores Carmona Filho";melinda85@sanches.com;365.484.100-76;"Samuel do Leste";CE;16/11/1983
"Dr. Elaine Zambrano";kdeaguiar@terra.com.br;809.802.340-00;"Santa Larissa";MA;20/12/2008
"Roberto Gil Filho";cleber.dearruda@jimenes.com;125.363.243-03;"Verdara do Leste";SC;16/06/1980
"Francisco Grego Sobrinho";nlovato@deoliveira.br;694.005.997-06;"Porto João do Norte";RS;25/12/2000
"Júlio Carrara Soto";marques.luis@quintana.org;366.914.644-00;"Joyce d'Oeste";RJ;28/03/2006
"Sarah Roberta Medina";dcarrara@ortega.net;369.161.991-64;"Constância do Sul";CE;10/01/1976
"Srta. Bárbara Pedrosa";iprado@ig.com.br;489.828.264-40;"Natália do Leste";MT;26/12/1996
"Marcelo Dominato Jr.";arivera@pena.br;891.130.820-00;"Vila Edilson do Norte";RN;23/04/1981
"Leo Rogério Dominato";fmascarenhas@hotmail.com;048.921.465-79;"Porto Analu";PE;01/07/1971
"Vicente Gustavo Saito";qdearruda@gmail.com;690.937.066-08;"Santa Léia";PI;22/07/1977
"Sr. Vitor Zambrano Toledo";defreitas.robson@quintana.net.br;615.453.028-55;"Porto Nero";MA;26/06/2022
"Luan Santos Neto";emilly38@cordeiro.com.br;208.109.698-66;"Rayane d'Oeste";PR;19/02/1991
"Sra. Mariana de Souza Domingues";vinicius.galindo@quintana.net.br;371.562.183-44;"Santa Bia";AM;24/10/1985
"Noemi Salazar";raranda@ferreira.br;678.990.529-47;"Vila Juliano";CE;25/05/2009
"Sra. Nicole Adriele Cervantes Jr.";roberta87@oliveira.net.br;587.730.237-01;"Sophia do Sul";AC;25/04/2001
"Dr. Christopher Vasques Sobrinho";qrico@santacruz.com;271.045.410-63;"Manoela do Sul";PA;01/05/1970
"Diego Campos Martines Neto";debora.jimenes@gil.com;762.879.485-82;"Feliciano do Norte";SE;01/01/1974
"Dr. Cezar Luiz Campos";mauricio95@ig.com.br;082.568.188-08;"Meireles do Leste";PE;30/07/2006
"Murilo Hugo Dias";alessandro.matias@hotmail.com;550.976.151-23;"Rangel do Sul";RJ;22/12/2012
"Giovana Lutero";dener.santiago@ig.com.br;253.623.541-67;"Santa Nelson";PI;27/03/2005
"Dr. Caroline Aguiar Benites";james60@ig.com.br;369.906.758-02;"Matias do Sul";PB;08/12/2021
"Natan Padilha Campos";ortega.ruth@rezende.br;251.460.800-70;"Vila Eloah";MG;04/06/1990
"Nathalia Brito Filho";vicente18@r7.com;034.863.285-14;"Cordeiro d'Oeste";BA;23/01/2009
"Heitor Toledo";ybrito@alves.br;886.817.802-80;"Santa Tatiana";PI;05/01/1985
"Srta. Renata Marisa Rocha Sobrinho";nadia66@dasilva.com.br;379.443.570-20;"Santa Maximiano";MG;10/07/1978
"Jefferson Vega Ramires";suzana.saraiva@hotmail.com;764.902.991-35;"Ivan do Sul";AC;16/10/1971
"Sr. Matheus Théo Salazar Filho";danielle04@ig.com.br;908.963.019-82;"Zaragoça do Leste";RJ;21/11/1970
"Dr. Dener Bezerra Romero Jr.";alice78@hotmail.com;342.637.546-03;"Antônio do Leste";RS;13/04/2010
"Kléber Barros Neto";vassuncao@carvalho.com;265.864.138-93;"Mendes do Sul";PA;22/03/1976
"Analu Paes Leon Neto";michael.rivera@urias.org;665.226.187-10;"São Emanuel";RO;16/03/2012
"Srta. Mila Bittencourt de Freitas";sanches.gabriela@gmail.com;930.474.054-17;"Vila Ziraldo do Norte";MA;27/08/1991
"Marília Cervantes Verdara";thalia.meireles@gmail.com;751.816.454-02;"Porto Juliano";AP;17/10/1981
"Sr. Thales Marin";mayara02@chaves.br;867.759.790-53;"Alessandra do Leste";RO;23/04/1991
"Gabrielle Maria Marin";francisco14@yahoo.com;457.895.851-59;"Santa Raissa d'Oeste";ES;13/09/1981
"Sr. Otávio Escobar Sobrinho";sandra.lira@terra.com.br;901.261.636-00;"Santa Diana d'Oeste";MT;12/12/2015
"David Agostinho Bonilha Filho";ohana88@carvalho.com.br;141.743.282-93;"Vila Valentin d'Oeste";DF;21/11/1989
"Denis Santacruz Filho";maraisa31@corona.com;659.703.509-74;"Santa Ivan";RR;10/08/1984
"Dr. Mariah Torres";helena.urias@estrada.br;914.034.307-30;"Santa Kamila";RJ;26/06/2020
"Joaquin Adriel Aragão Filho";josefina.brito@matos.br;158.980.057-57;"Vila Gilberto";MS;23/11/1987
"Yohanna Santiago";faria.marta@pedrosa.com.br;780.383.738-71;"Santa Gabrielly";MS;18/09/1998
"Lúcia Romero Batista";vpereira@uol.com.br;602.828.850-05;"Sandoval do Sul";MA;04/10/1972
"Luciano da Cruz Benez Neto";agustina.barreto@urias.net.br;560.492.604-35;"São Wagner";RR;10/04/2019
"Analu Pena Carmona";bfernandes@fernandes.net;413.275.872-97;"Santa Lidiane";MS;27/10/1976
"Estela Alexa Valdez";kleber.soares@r7.com;576.659.033-47;"Reis do Sul";MG;21/08/2014
"Dr. Saulo Vieira Rodrigues Neto";helena81@corona.com;438.940.943-38;"São Fernando do Norte";RS;18/10/1996
"Matheus Quintana Rezende Sobrinho";jimenes.sandro@r7.com;263.373.789-70;"Vila Andréia do Norte";RO;15/12/2006
"Dr. Bárbara Neves Ferreira";isabelly.correia@faro.net.br;700.044.613-71;"Porto Agostinho";AP;16/10/2018
"Diogo Mendonça Pereira Sobrinho";rpadilha@hotmail.com;287.524.756-54;"Porto Suellen";MG;29/12/1981
"Dr. Igor Ramires Serra Jr.";faranda@uol.com.br;823.085.974-45;"São Mila do Norte";DF;19/06/1989
"Maria Márcia Beltrão Sobrinho";roberta.bonilha@gmail.com;561.380.088-04;"Santa Bianca do Sul";BA;09/10/1970
"Dr. Gael Barreto Filho";paola90@queiros.net;272.508.932-89;"Santa Everton do Leste";RO;17/09/1996
"Dr. Elias Zambrano Neto";dante.fidalgo@ortiz.com;294.255.209-33;"Walter do Norte";PE;12/09/1980
"Sr. Renato Souza";luan11@hotmail.com;731.532.351-12;"Otávio do Sul";ES;03/10/1970
"Henrique Luan Bittencourt";ferminiano.ketlin@davila.com;128.333.152-79;"Paloma do Leste";PR;25/05/1977
"Benjamin Amaral Uchoa Sobrinho";violeta37@grego.net.br;949.321.088-00;"São Guilherme do Sul";SP;20/06/2009
"Taís Tatiana Galindo";gilberto.rocha@benez.com;785.291.541-85;"Santa Elisa do Leste";PI;07/03/1979
"Théo Ferreira Madeira Sobrinho";hduarte@r7.com;003.303.533-49;"Gil do Sul";MA;12/11/2001
"Sra. Maria Emanuelly Fonseca";silvana.dias@mares.net.br;255.288.987-57;"Sandro do Leste";SC;29/03/2008
"Sr. Hernani Queirós Dominato Neto";dpena@r7.com;035.733.367-52;"São Allan do Sul";GO;09/07/2003
"Rafaela Sophie Ortega";ofernandes@delgado.com;393.187.579-21;"Santa Inácio";PI;14/07/1993
"Vitória Barreto";pacheco.denise@hotmail.com;544.007.861-45;"Vila Josué";SE;04/11/1980
"Dr. Isabelly de Oliveira Filho";mroque@solano.com.br;307.516.477-13;"São George do Sul";RJ;11/03/1979
"Sra. Regiane Gil Neto";robson.molina@gmail.com;935.628.673-60;"Vila Hugo";PA;24/08/2020
"Noemi Cordeiro Burgos";serra.angelica@terra.com.br;389.962.113-11;"Gil do Sul";RN;20/09/1975
"Sr. Matias Benez Prado Neto";delgado.horacio@serrano.net;477.855.896-07;"Josefina do Norte";MS;15/10/1988
"Sr. Horácio Queirós";pereira.afonso@hotmail.com;272.508.733-34;"Marinho do Sul";SP;26/04/1996
"Demian Flávio Franco";salgado.maximo@dominato.net.br;892.350.802-07;"Júlio do Norte";RJ;05/02/1983
"Joyce Sara Beltrão";zambrano.thalissa@ig.com.br;371.526.761-51;"São Afonso do Leste";PI;18/06/2002
"Dr. Reinaldo Fabiano Matias Sobrinho";davila.melissa@terra.com.br;172.144.288-06;"Matias do Sul";BA;03/03/1999
"Irene Solano";cecilia51@faria.org;825.370.370-81;"Delvalle do Leste";RR;01/10/2000
"Daniel Souza Rios";delgado.stephanie@ig.com.br;900.563.056-64;"São Rafael do Sul";AP;17/05/1971
"Dr. Leonardo Franco Galvão Jr.";demian61@vieira.com;561.985.563-52;"Camilo do Leste";ES;25/10/2014
"Alonso D'ávila Camacho Jr.";pacheco.maiara@lourenco.br;760.588.442-74;"Paz d'Oeste";BA;11/10/1970
"Paola Mayara Sepúlveda";espinoza.andres@yahoo.com;637.861.403-24;"Vila Marcelo do Leste";AL;09/02/2003
"Sra. Pâmela Garcia de Souza Sobrinho";catarina.pacheco@ig.com.br;785.479.302-64;"Vicente do Leste";PB;27/03/2005
"Bruna Valente Rezende Filho";ifeliciano@paz.com;453.006.714-95;"São Davi";AP;28/08/1983
"Robson Lira Arruda Neto";meireles.mirella@terra.com.br;561.480.370-09;"Vila Mônica";TO;22/12/1986
"Sr. Denis Gilberto Paz";barreto.helena@ferraz.com;428.631.859-18;"Aranda do Norte";PR;27/07/1971
"Dr. Joaquin Arruda";paloma.flores@feliciano.com.br;260.832.363-47;"Jefferson do Norte";RS;25/04/1981
"Victor Arthur Azevedo Neto";aguiar.inacio@quintana.com;076.774.032-71;"Enzo d'Oeste";PR;08/03/2000
"Srta. Isabelly Balestero Filho";matos.jessica@alcantara.br;201.874.088-15;"São Lorenzo do Sul";GO;30/12/2017
"Srta. Luara Lorena das Dores";melinda.rezende@gmail.com;614.811.240-05;"Uchoa do Leste";SP;12/06/1979
"Artur Henrique Padrão Neto";zromero@urias.com;118.017.423-24;"Bonilha do Norte";CE;30/12/1995
"Eric Sandoval Santacruz Filho";davi.dasilva@hotmail.com;980.207.180-36;"Furtado do Leste";TO;12/04/1989
"Dr. Manuel David Amaral";james.goncalves@gmail.com;677.157.391-54;"Cléber do Leste";RJ;15/10/2004
"Adriele Mendonça Correia Neto";filipe.barros@dominato.com.br;625.422.127-67;"Santa Simon do Sul";RN;27/06/2021
"Leo Reinaldo Saraiva";xcervantes@jimenes.net;962.306.852-21;"Garcia d'Oeste";SP;18/04/1986
"Sra. Eva Mila Verdara Neto";amatias@alves.com;381.222.547-64;"Porto Bruno";SE;20/09/1998
"Suelen Serra Neto";bezerra.estevao@santana.net.br;773.475.035-40;"Santa Norma";DF;02/08/1976
"Sr. Dener Alessandro Jimenes";sebastiao88@lira.com.br;601.174.866-04;"Leonardo do Sul";DF;09/01/1979
"Gael Rogério Branco Jr.";kmendonca@uol.com.br;558.790.134-30;"São Rodolfo do Leste";RO;07/01/1972
"Máximo Feliciano Delatorre Jr.";nadia.vega@gmail.com;524.124.021-75;"da Silva do Sul";BA;17/08/1972
"Srta. Rosana Toledo Rezende";rico.mary@yahoo.com;044.164.350-70;"Santa Marcos";PE;15/04/1990
"Srta. Beatriz Branco Matos";noel92@rodrigues.net;115.898.271-20;"Marés do Sul";RO;13/06/1989
"Amélia Gonçalves Maia Jr.";davi.paz@ferreira.br;725.276.710-80;"Santa André";RJ;27/06/1970
"Sr. Téo Pedro Maldonado";wilson.santiago@hotmail.com;211.183.405-07;"Lozano do Norte";RO;21/09/1983
"Cléber Alves";jfontes@uol.com.br;981.269.355-61;"Ferminiano do Leste";PR;08/04/1989
"Dr. Denis Fonseca Meireles Jr.";molina.thalissa@neves.com;091.919.196-73;"Vila Thomas do Norte";DF;05/01/2016
"Gustavo Ortega";rafael83@marinho.com.br;166.882.373-00;"Zaragoça do Leste";AP;05/05/1992
"Luana Ingrid Serrano";luis16@r7.com;206.963.677-18;"Ayla do Norte";AP;28/11/2014
"Srta. Karine Isabel Mendes Neto";ronaldo.ferreira@uol.com.br;675.256.761-19;"São Amanda do Leste";PE;20/02/2001
"Wesley Delatorre Duarte";luna42@terra.com.br;755.601.090-29;"São Raissa do Leste";SC;27/03/2022
"Srta. Giovanna Katherine Fernandes";martines.kauan@arruda.com.br;378.227.416-40;"Saito do Sul";RJ;03/07/1979
"Dirce Pontes Burgos";naiara.pacheco@gmail.com;705.387.310-28;"São Silvana";MT;04/01/2000
"Dr. Gabi Saito";souza.caio@gmail.com;544.033.036-41;"Jimenes do Sul";PE;14/02/1979
"Dr. Natália Mendes Dominato";rivera.melina@yahoo.com;815.517.201-59;"Ortega do Norte";MA;08/07/1995
"Sra. Lara Paes";jrangel@ig.com.br;196.750.388-53;"Cruz do Sul";RO;04/02/1975
"Dr. Paula Perez Verdugo";omascarenhas@r7.com;698.222.352-32;"Suelen do Sul";PR;11/06/2000
"Christopher Soares Carrara Jr.";valdez.william@quintana.com;474.737.338-18;"Vila Nayara do Norte";RN;11/08/2020
"Sra. Aparecida Lourenço Santiago Sobrinho";soares.italo@gil.net;124.555.081-02;"Nayara do Norte";PB;09/08/1994
"Sra. Ketlin Branco Jimenes Neto";franco.fabiana@oliveira.com.br;884.647.596-81;"Vila Everton";PR;26/02/1982
"Moisés Sandoval Azevedo Neto";ymedina@gmail.com;735.574.212-44;"Vila Daniela";MG;29/03/2013
"Rafael Marques Ferraz Neto";naiara.gil@colaco.com;759.157.421-30;"de Oliveira do Sul";AL;14/08/2010
"Sr. Vitor Oliveira Flores";rverdara@feliciano.com.br;555.634.410-83;"Aranda do Sul";MS;22/11/1994
"Janaina Duarte das Neves";benedito.furtado@ig.com.br;457.989.332-88;"Karine do Leste";SP;06/03/2012
"Dr. Laiane Camacho Estrada Neto";claudia39@terra.com.br;058.822.228-34;"Verdara do Leste";PB;02/12/2002
"Dr. Willian Vila Neto";luiza37@yahoo.com;338.266.810-61;"Fernanda do Sul";PI;29/07/1999
"Késia Karen Sandoval Neto";zquintana@gmail.com;385.645.678-30;"Porto Mônica";RO;20/07/1996
"Sr. Agostinho Ferminiano Neto";michele.sanches@ramos.org;528.769.485-75;"Marin d'Oeste";RO;02/01/2006
"Cristian Gusmão Carvalho";diana.casanova@r7.com;206.286.230-03;"Daiana do Sul";PB;29/05/1995
"Alessandro Molina Filho";reis.natalia@grego.net;493.158.817-45;"Carmona do Norte";AM;20/05/1990
"Srta. Jaqueline Deverso Neto";maia.heitor@ig.com.br;882.665.873-02;"Vila Manuel do Leste";SC;07/04/2008
"Ricardo Santacruz Paes Sobrinho";perez.alexandre@r7.com;201.765.070-60;"Vila Clarice";PE;27/02/1993
"Dr. Nicole Marília Alves";constancia34@ramos.com;603.146.612-04;"Thiago d'Oeste";AL;28/04/2001
"Srta. Naiara Serrano Jr.";rbarreto@gmail.com;997.618.391-76;"Porto Gisele do Norte";PR;24/08/1986
"Sr. Joaquim Robson Campos Neto";perola.desouza@marin.com;840.579.480-82;"Santa Sueli do Sul";PB;02/02/1982
"Maiara Rodrigues Espinoza Sobrinho";romero.moises@terra.com.br;915.470.818-48;"Vila Maraisa";MS;12/08/2009
"Kevin Rosa";simone19@ig.com.br;024.670.893-04;"Amaral do Leste";PE;22/12/2014
"Mário Kevin Escobar";rmaia@ferraz.com.br;840.377.088-09;"Prado do Norte";RR;09/08/2016
"Jerônimo Emílio Galindo Neto";claudio.valentin@domingues.net;427.510.971-62;"Vila Olívia";MT;04/08/2009
"Dr. Eva Burgos Medina Sobrinho";assuncao.thais@vega.com.br;007.533.120-93;"São Marisa do Norte";RS;06/11/1979
"Paula Mila Campos";pfaro@fonseca.br;512.126.820-33;"Lira do Sul";MS;26/11/1987
"Sr. Saulo Salazar";fontes.willian@r7.com;635.841.145-43;"Erik do Leste";MS;13/12/1972
"Mary Stephanie Sepúlveda";wesley.bonilha@ig.com.br;498.294.057-61;"Carrara do Sul";PE;08/03/1977
"Dr. Eduardo Velasques Sobrinho";graziela46@ig.com.br;977.222.113-64;"Santa Pietra do Sul";PE;18/10/1982
"Emanuelly Colaço Santos Neto";constancia46@r7.com;622.243.287-53;"Porto Daiana do Leste";SP;12/07/2009
"Sr. George Benedito Quintana Sobrinho";ariana14@cruz.net.br;547.522.650-44;"Vila Samara";CE;18/08/1978
"Hugo William Serra";benicio21@ig.com.br;157.334.784-11;"Henrique d'Oeste";AL;13/02/1988
"Flávio Domingues";goncalves.leonardo@prado.com.br;340.759.719-37;"Vila Iasmin do Leste";CE;27/03/2007
"Sr. Simão Cruz Neto";lourenco.nadia@martines.net.br;961.816.841-74;"São Laura";SE;14/05/2000
"Dr. Patrícia Urias Filho";pamela.esteves@batista.br;786.251.401-73;"Aranda do Sul";DF;27/03/2003
"Dr. Erik Godói Valentin Sobrinho";alma76@arruda.com.br;968.318.851-60;"Wellington do Sul";PA;04/09/1984
"Samuel Feliciano Filho";toledo.nadia@yahoo.com;704.045.895-02;"Vila Agatha";AP;15/02/2013
"Catarina Toledo de Arruda";pferreira@galvao.com;251.461.859-21;"Balestero d'Oeste";MS;22/05/1997
"Sr. William Flávio Serrano Jr.";vicente.neves@deverso.com.br;377.289.139-05;"Porto Fabiano do Sul";ES;02/07/1972
"Maximiano Sanches Valdez";maximiano.salgado@delatorre.com;052.661.554-00;"Vila Joyce d'Oeste";AC;15/02/1974
"Sra. Luana Burgos Paz";valentin.santiago@gmail.com;873.008.213-75;"Santa Elisa";DF;01/10/2014
"Josefina Esteves Flores";vferreira@pedrosa.br;297.602.471-51;"São Joaquin do Sul";PB;07/06/1975
"Sophie Vale Batista Jr.";nicolas.pontes@escobar.br;018.597.889-47;"Delgado d'Oeste";AL;17/05/1980
"Márcio Flávio Lutero";fonseca.sergio@santana.org;062.967.733-66;"Santa Everton d'Oeste";SE;08/12/2014
"Giovanna Vieira Lira";mpaz@yahoo.com;038.227.612-49;"Vila Evandro";AP;16/05/1999
"Sr. Marcos Aranda Fontes";qfurtado@uol.com.br;728.573.399-76;"Porto Sabrina do Sul";CE;04/07/1973
"Srta. Bárbara Zambrano Jimenes";regina91@medina.net.br;890.064.064-06;"São Horácio do Sul";MT;26/09/1990
"Mauro Ronaldo Mendonça";vpedrosa@ig.com.br;342.787.601-24;"Bezerra do Leste";AL;31/05/2012
"Srta. Naomi Saito Maldonado Filho";soares.mia@terra.com.br;659.114.148-05;"Vega do Leste";MT;27/11/1975
"Dr. Maísa Poliana Rivera Sobrinho";davi51@yahoo.com;679.880.149-86;"Betina d'Oeste";RJ;26/08/1970
"Cíntia Leon Neto";gil.roberta@avila.br;914.928.016-31;"Vila Vicente";MG;04/04/2002
"Srta. Rayane Fernanda Galhardo";lourenco.suellen@guerra.net.br;502.750.922-75;"Eliane do Norte";PA;07/11/1977
"Cíntia Furtado";camilo00@ramos.com;213.772.149-07;"Ana do Norte";PB;15/03/1983
"Betina Stephany Cortês";santacruz.matheus@gmail.com;505.727.544-50;"Santa Bernardo do Leste";MA;14/02/1989
"Dr. Camilo da Rosa Fernandes Jr.";jgrego@terra.com.br;941.048.954-74;"Santa Vanessa";AL;22/03/1978
"Cristian Arruda";nicole18@yahoo.com;836.768.151-73;"Elias do Norte";PE;16/05/2019
"Raquel Aranda Romero Neto";souza.leandro@terra.com.br;692.748.133-84;"Sanches do Sul";GO;15/09/1999
"Dr. Luciano Jean Lourenço Sobrinho";rmatias@perez.com;462.710.610-60;"São Cauan";PB;22/04/1983
"Sra. Léia Pedrosa Santacruz";agostinho.cruz@meireles.net;959.686.099-23;"George do Norte";AP;13/07/1996
"Dr. Taís Dirce Faria Jr.";estrada.lucia@r7.com;880.832.173-87;"São Milene";SC;18/11/2017
"Alma Paes Velasques Neto";escobar.miriam@yahoo.com;251.485.047-90;"Vila Alexandre d'Oeste";PA;03/11/1990
"Dr. Murilo Joaquim Brito Neto";orico@santana.org;568.577.969-04;"Santos do Norte";PR;27/01/1994
"Srta. Samara Olga Barros";luzia.galhardo@hotmail.com;391.295.986-21;"São Tatiane";MA;12/12/2013
"Luciana Paes Feliciano";beatriz59@terra.com.br;191.679.299-58;"São Larissa do Sul";RN;25/11/1978
"Sr. Benedito Teles Jimenes";kauan00@uol.com.br;931.219.693-66;"Vicente do Leste";CE;28/12/1983
"Dr. Amanda Rocha Brito";rosana79@grego.com.br;193.787.088-03;"Santa Pérola";RR;27/01/1976
"Sr. Teobaldo Lucio Duarte";nayara.pena@galvao.net.br;674.760.650-77;"Esteves do Norte";BA;29/03/1975
"Dr. Marcos Arruda";juliano61@gmail.com;477.915.989-06;"Lovato d'Oeste";SP;17/05/2019
"Sr. Márcio Rocha Gomes Sobrinho";aquintana@hotmail.com;086.186.484-00;"São Clara";DF;16/08/1974
"Karina Fernandes Paz";nlozano@terra.com.br;425.209.549-22;"Santa Agustina";PA;28/08/1974
"Dr. Isaac Rivera Valência";flavia.dasneves@sanches.net.br;882.047.250-35;"Fonseca do Norte";MT;14/06/1978
"Dr. Adriele Isabelly Barreto Jr.";carlos.garcia@uol.com.br;411.932.376-53;"Santa Maya";PI;08/11/2011
"Dr. Angélica Soto Filho";stephanie19@toledo.net.br;378.288.870-78;"São Antonieta";RS;02/11/1998
"Sr. Adriel Victor Godói Sobrinho";dcruz@ig.com.br;944.480.062-80;"Porto Flávia";MG;22/03/1988
"Dr. Marília Brito";martinho.pacheco@terra.com.br;690.004.955-98;"Santa Joana d'Oeste";RO;10/01/1992
"Danilo Matheus Delvalle Neto";franco.davi@sanches.net;597.818.673-10;"Santa Antonella";TO;28/04/1977
"Srta. Noelí Jasmin Roque";groque@cervantes.com;596.397.485-28;"Santa Arthur do Sul";RN;23/06/1975
"Afonso César Marques Neto";nzambrano@uol.com.br;469.137.690-91;"Santa Emerson";MA;20/08/2016
"Cláudio Azevedo Ferraz";vpedrosa@maldonado.net;622.134.085-30;"Porto Cléber do Leste";RO;10/03/2011
"Jorge Leandro Estrada";ddefreitas@ig.com.br;516.541.337-36;"Santa Ana";PB;10/02/2021
"Gilberto Rezende Jr.";denis42@ig.com.br;193.502.871-53;"Faria d'Oeste";SC;01/03/1978
"Jean Rocha Neto";guilherme.dasilva@terra.com.br;109.173.639-14;"Velasques d'Oeste";RN;23/01/2002
"Dr. Valentin Rocha Verdara";aaguiar@cervantes.org;883.143.333-44;"São Samara";PE;02/04/1973
"Renato Valente Neto";umontenegro@camacho.org;826.892.057-26;"Pereira do Norte";MA;23/05/2016
"Aaron Chaves Toledo Filho";dener60@terra.com.br;899.021.896-95;"Vila Dayana do Sul";RS;12/11/2020
"Dr. Breno Velasques";kpereira@beltrao.com.br;668.272.581-73;"Porto Suelen do Leste";PB;11/11/2010
"Sr. Michael Batista Verdugo Filho";tarruda@yahoo.com;328.470.121-41;"Porto William";GO;29/07/1970
"Cezar Gustavo Pedrosa";salazar.jennifer@lozano.net.br;213.118.995-88;"Escobar do Norte";MA;29/09/1992
"Dr. Emília Saraiva";gian.cordeiro@terra.com.br;649.948.786-41;"São Liz";ES;30/11/2000
"Dr. Alexa Prado Ramires Neto";ana69@r7.com;212.980.108-02;"Santa Fabrício do Norte";RS;03/02/1974
"Naiara Ferreira";kferminiano@queiros.br;631.699.423-01;"Vila Emanuel";PI;08/06/1973
"Sr. Benício Matias Barros";ucorona@gmail.com;367.910.152-09;"Matias do Sul";PE;15/05/2011
"Otávio de Aguiar Jr.";zduarte@mendonca.net;533.361.877-10;"Assunção do Leste";DF;01/06/2022
"Mateus Bonilha Casanova";tatiane09@delvalle.org;364.262.527-43;"Santa Ricardo do Leste";DF;19/10/1973
"Gabrielly Caldeira Filho";xmatos@santiago.net;595.237.681-90;"São Théo do Leste";DF;20/01/1970
"Dr. Andres Molina";tatiane.darosa@uol.com.br;803.142.946-43;"Santa Wellington do Leste";DF;14/12/1980
"Sr. Augusto Caio Paes Sobrinho";gael.saito@fernandes.com.br;770.195.642-59;"Renan do Norte";RS;13/09/1980
"Vitor Medina Ferreira";cezar.ferminiano@lourenco.com;014.932.873-70;"Porto Edilson";PI;02/06/2005
"Christian Ortega";aranda.mary@vieira.org;772.955.289-20;"Constância do Leste";ES;18/07/2006
"Lilian Ariane Maia Jr.";fcarmona@gmail.com;962.841.496-89;"Ivan do Leste";PA;15/01/2022
"Gilberto Galindo";thalia42@prado.net.br;363.664.018-61;"Porto Caio";DF;16/10/1970
"Srta. Violeta Torres Mendonça Jr.";angelica12@burgos.br;058.339.572-49;"Ohana do Norte";AM;03/01/1975
"Henrique Santiago";sophie.pontes@gmail.com;103.539.975-01;"Noel do Sul";PI;11/02/2015
"Violeta Medina Medina";leon.lais@gmail.com;450.638.960-30;"São Jerônimo";RS;20/07/1985
"Dr. Willian Alonso Casanova";lilian33@uol.com.br;543.295.418-40;"das Neves do Norte";BA;26/10/1976
"Srta. Abgail Valdez Santacruz Filho";gdeaguiar@uol.com.br;070.170.487-09;"Wellington do Leste";MG;19/05/1975
"Sr. Heitor Marin Reis";barros.henrique@rangel.com.br;570.587.817-61;"Roberto d'Oeste";MG;19/04/1980
"Sra. Marília Ferreira Benez";martinho17@fernandes.br;287.662.022-72;"Leandro do Norte";DF;15/07/1974
"Dr. Yuri D'ávila Neto";beltrao.felipe@yahoo.com;961.862.685-78;"Delgado d'Oeste";MT;18/01/2017
"Sra. Ariane Santana Fonseca Filho";zfidalgo@dias.com;743.540.716-06;"Ramires d'Oeste";DF;07/10/1988
"Sra. Eva Saito Carvalho";marina.dasdores@lutero.br;670.663.967-23;"Santa Tatiana d'Oeste";AP;19/10/1984
"Evandro Roque Fonseca Filho";alessandra15@serna.br;275.796.246-99;"São George do Norte";CE;05/08/2005
"Maitê Pacheco Fontes Sobrinho";alan63@delatorre.br;788.416.776-00;"São Lorena do Sul";AL;08/08/2017
"Sra. Clarice Cortês Jr.";aurora04@yahoo.com;405.520.917-74;"Christian do Leste";AC;06/02/1985
"Sra. Laís Benites";lreis@r7.com;495.847.787-06;"Branco do Leste";RO;10/03/2020
"Noemi Ariana Marin Sobrinho";mferreira@gmail.com;068.132.164-49;"Vila Josefina do Norte";AL;17/06/1983
"Dr. Iasmin Ferreira da Rosa";giovanna.faro@queiros.br;749.274.145-66;"Porto Nelson do Sul";RR;05/11/2012
"Sra. Ariane Tatiane Verdugo Filho";isabelly.sandoval@yahoo.com;740.944.737-00;"Daniel d'Oeste";BA;28/02/1978
"Samanta Julieta Garcia Neto";noemi29@aguiar.com.br;299.657.904-69;"Jimenes do Leste";PA;15/10/1992
"Valentina Padilha Pontes Sobrinho";iasmin90@uol.com.br;182.981.031-65;"São Cynthia do Leste";AM;08/12/2003
"Fabiano Valentin";joao21@franco.net;985.815.595-65;"Santa Kléber d'Oeste";RN;04/01/1985
"Dr. Joaquim Delgado Azevedo";aaron.zambrano@yahoo.com;515.236.318-64;"Santa Jorge";RR;10/08/1996
"Dr. Paloma Serra Beltrão";sandoval.jessica@batista.com.br;569.813.274-73;"Silvana d'Oeste";AM;16/11/2021
"Lívia Verdara Faria";delvalle.heitor@yahoo.com;981.755.943-22;"Vila Gabrielle";RN;22/09/1972
"Eduarda Alice Santacruz Filho";moises.salas@ig.com.br;573.198.009-85;"Vila Bianca do Sul";PI;26/03/1976
"Leonardo Vila Pedrosa Neto";lorenzo.matias@terra.com.br;683.220.192-38;"João do Norte";PR;20/06/2002
"Dr. Karina Serra Gil";silvana.prado@aragao.com;499.125.709-36;"Tessália do Sul";RJ;07/01/2017
"Alexa Perez Pena Sobrinho";tomas58@corona.com;201.262.571-16;"Santa Yuri";RR;17/05/1993
"Dr. Ian Ortega";roque.dener@hotmail.com;183.045.678-49;"Tamoio do Sul";ES;19/05/2002
"Srta. Malena Aurora Carvalho Filho";marco.paz@meireles.net.br;490.723.183-07;"Rodolfo do Norte";BA;07/12/1998
"Sra. Noemi Marisa Mendonça Sobrinho";natan.maia@benez.com;111.057.106-29;"Porto Tessália";MT;07/05/1970
"Flor de Arruda Batista";tvega@hotmail.com;807.964.393-89;"Luísa do Sul";RJ;03/02/1974
"Dr. Walter Romero Matos Neto";kleber.fernandes@rocha.net.br;483.635.302-55;"Késia do Sul";GO;02/02/1983
"Dener Gael Fidalgo";maximo.delgado@gmail.com;517.796.881-21;"Vila Gisele d'Oeste";PE;26/07/1991
"Srta. Patrícia Rodrigues Abreu";escobar.lucia@r7.com;198.068.009-40;"Santiago do Leste";PE;11/10/2000
"Reinaldo Estrada Esteves Sobrinho";casanova.yasmin@faria.com.br;820.787.879-73;"São Ketlin d'Oeste";BA;07/06/1980
"Sr. Reinaldo das Neves Sobrinho";daniella.neves@gmail.com;063.101.634-18;"Ester do Norte";AP;09/09/2009
"Diana Amaral Neto";otavio17@r7.com;572.068.506-50;"Sepúlveda do Leste";GO;13/07/1985
"Dr. Diogo Zaragoça da Silva";veronica.rangel@corona.com.br;469.762.649-49;"São Estêvão";PR;16/10/2018
"Sr. Marcelo Mendes Neto";bbeltrao@gmail.com;688.167.791-01;"Vila Everton do Leste";PA;21/03/2005
"Dr. Fabiano João Esteves";oprado@barros.net.br;580.032.002-02;"Santa Poliana";ES;10/12/1991
"Sr. Simão das Neves Correia Neto";tiago06@ig.com.br;174.314.640-02;"Ortiz do Norte";AL;28/04/1996
"Emílio Aragão Branco Jr.";gustavo.carmona@valdez.org;035.260.376-39;"Porto Eloá";AM;23/12/1995
"Dr. Mariana Olívia Duarte";rayane97@r7.com;139.382.211-86;"Iasmin do Norte";MT;26/02/2001
"Dr. Lorena Faro";ygoncalves@matias.com;963.307.595-53;"Franciele do Norte";DF;05/12/1996
"Ivan Gomes Rosa";carmona.maximo@faria.com;763.674.629-88;"Santa Wagner do Norte";AC;08/01/2013
"Enzo Gil";galhardo.laiane@rosa.com.br;643.705.541-36;"Wagner do Sul";CE;16/02/1992
"Isabella Renata Aragão Jr.";foliveira@salazar.br;018.680.567-59;"Vila Emanuel do Sul";RN;25/06/2020
"Sr. Renato Salgado Jr.";cristiano.rodrigues@ig.com.br;770.267.518-75;"São Inácio";AP;16/12/1983
"Marcos Reis Toledo";rico.noel@r7.com;310.481.445-77;"Carrara do Norte";PE;25/10/2003
"Tábata Casanova";roberto26@hotmail.com;787.164.367-33;"Porto Vinícius do Norte";RO;08/09/1987
"Abgail Meireles Benites Jr.";qbrito@terra.com.br;974.876.203-36;"Thales do Sul";AC;06/09/2005
"Sra. Hortência de Arruda Ferminiano Jr.";ecamacho@ig.com.br;282.818.654-74;"Souza d'Oeste";PE;23/12/2007
"Ellen Cláudia Duarte Sobrinho";queiros.danielle@uol.com.br;195.420.583-06;"Queirós d'Oeste";PR;24/02/1974
"Laís Delvalle Jr.";fernanda36@uol.com.br;352.248.151-85;"das Dores d'Oeste";ES;03/03/2000
"Santiago Toledo Feliciano";gilberto.gil@ferreira.com.br;598.720.082-21;"Medina do Leste";RR;26/04/1997
"Valentin Batista";rangel.julio@rico.com.br;300.614.748-00;"Mila do Leste";GO;16/06/1973
"Arthur Franco Lovato";serna.madalena@ig.com.br;984.733.677-66;"São Dayana";ES;15/08/2002
"Sra. Dayana Zaragoça";suelen61@lutero.br;743.443.425-26;"Porto Augusto do Norte";AL;25/03/2013
"Sr. Jerônimo Soto Delgado";artur.rangel@pedrosa.net.br;171.649.082-06;"São Danilo";SP;23/07/2021
"Srta. Samanta Corona Rosa Sobrinho";leal.tais@delgado.org;853.966.554-96;"Furtado do Leste";ES;01/09/2008
"Marcelo Azevedo Filho";wsandoval@dias.net;877.897.344-90;"São Regiane do Norte";MA;24/01/2018
"Kelly Micaela Medina";franco.padilha@ig.com.br;104.700.491-70;"Godói d'Oeste";SP;24/11/2005
"Rodrigo de Freitas";hsaito@ig.com.br;870.115.400-16;"Vila Mari";BA;30/11/2017
"Felipe da Rosa Azevedo";olivia00@paes.com;672.786.486-10;"Serna d'Oeste";AP;20/05/2006
"Nádia Zamana";yrios@padilha.com;227.066.411-69;"Vila Andres";PR;07/03/1971
"Sr. Dener Galhardo";kbeltrao@balestero.net.br;762.916.661-38;"Violeta do Leste";RJ;14/10/1981
"Sr. Fabiano Nero Sanches Sobrinho";aranda.milene@matias.net;505.239.474-88;"Santa Luis do Leste";SC;27/06/1982
"Murilo Henrique Neves Jr.";reinaldo.uchoa@r7.com;264.393.599-32;"Santa Suellen";SC;15/08/2014
"Gabriel Cezar Soares";xmatias@ig.com.br;309.064.442-84;"Porto Fabiano";PR;01/11/1992
"Sr. Fernando Alcantara";gael75@hotmail.com;327.050.583-38;"Martines do Leste";AC;05/11/1974
"Miranda Oliveira Sobrinho";esteves.eva@hotmail.com;119.921.415-92;"Vila Iasmin";BA;04/09/1974
"Gael Faria Sobrinho";vieira.jorge@valdez.net.br;419.027.760-62;"Allan do Sul";AM;10/10/1985
"Sra. Samanta Burgos";ileon@terra.com.br;973.555.229-90;"Santa Vinícius do Norte";PR;29/09/1976
"Sra. Milena Helena Carvalho";darosa.igor@bonilha.com.br;317.527.311-40;"Porto Gisele do Sul";PA;20/03/1976
"Vanessa Leon";leticia52@maia.com.br;131.905.126-04;"São Isis do Norte";RO;27/08/1974
"Simon Delvalle Benites";alcantara.pedro@saraiva.net;775.823.040-71;"Porto Gian";RO;21/04/1979
"Dr. Elias Verdugo Duarte";rivera.giovanna@hotmail.com;348.332.998-60;"Santa Clarice";BA;14/10/2009
"Júlio Carmona Madeira Neto";wagner.montenegro@hotmail.com;448.005.111-27;"São Pedro do Sul";PA;09/01/1987
"Dr. Isabel Maia Delvalle Sobrinho";karine.valdez@uol.com.br;907.297.945-12;"Nayara do Norte";SC;05/09/2011
"Sr. Dener Galhardo Balestero";sophie95@hotmail.com;365.775.707-44;"São Marília";RN;25/07/1979
"Srta. Mariah D'ávila Deverso Sobrinho";grego.valentina@burgos.com;969.947.662-17;"Pablo d'Oeste";AL;01/09/2018
"Sra. Lia Tamoio Zambrano";clara97@gmail.com;999.369.018-00;"Vila Ícaro do Leste";MT;20/02/2010
"Sra. Manoela Montenegro Filho";saito.nayara@ferreira.net.br;122.007.547-79;"Vila Teobaldo";RR;13/08/1975
"Sueli de Freitas Pacheco";afonso64@ig.com.br;541.608.755-21;"Flávio d'Oeste";RJ;24/09/2006
"Srta. Paula Valdez";mila.domingues@gmail.com;806.443.919-10;"São Kelly do Leste";PI;22/05/2010
"Horácio Lourenço Neto";rodrigo72@galhardo.com.br;972.601.765-39;"Sandra do Norte";AL;03/12/1998
"Adriel Corona";blozano@queiros.br;242.707.895-65;"Milene d'Oeste";RN;13/10/2008
"Dr. Eric Jonas Ávila Filho";santiago.cintia@ig.com.br;036.593.593-00;"Flores do Leste";DF;26/08/1972
"Luan Carlos Carmona";dias.maraisa@deoliveira.br;096.364.310-00;"Katherine do Norte";RO;03/12/1970
"Srta. Norma Montenegro";sandoval.ariane@medina.org;270.931.071-68;"São Francisco";SE;18/02/2015
"Maicon Aragão Quintana";noeli.amaral@rocha.com.br;161.527.893-11;"Vila Lavínia do Sul";PI;26/02/2014
"Sr. Kauan Ramires Neto";mario.galvao@yahoo.com;386.667.627-13;"Stephanie d'Oeste";PR;16/11/2009
"Dr. Nicole Marques";ariane.montenegro@ig.com.br;132.949.254-41;"Rios do Sul";MG;19/05/2001
"Dr. Emerson Serna Montenegro Jr.";afonso58@r7.com;157.695.401-33;"Talita do Norte";PR;21/11/1986
"Sr. Rodolfo Gil Neto";lorenzo43@carrara.com.br;063.275.222-03;"Porto Antônio";PA;17/11/1994
"Dr. Denis Madeira Zamana Sobrinho";luciana33@gmail.com;707.901.104-31;"Vila Eduardo";PR;08/12/1986
"Liz Carrara";vicente.colaco@terra.com.br;426.543.169-04;"Verdugo do Norte";PE;28/08/1995
"Dr. Evandro Amaral";kteles@r7.com;955.386.254-35;"Prado do Sul";MG;24/07/1988
"Dr. Maicon Arthur Cortês";juliano.vieira@ig.com.br;748.545.077-80;"Fontes d'Oeste";BA;22/04/2010
"Sra. Aline Deverso Pacheco Jr.";ferreira.carol@barros.com.br;305.360.158-30;"Santa Otávio d'Oeste";PB;10/03/1971
"Augusto da Cruz Queirós";horacio52@souza.com.br;554.661.449-83;"São Catarina do Sul";AL;07/01/1977
"Michelle Jimenes Jr.";igor.sanches@uol.com.br;462.344.883-58;"Porto Emanuel";CE;09/08/1976
"Sr. Enzo Deivid Sanches";rodrigo72@uol.com.br;332.789.550-30;"São David d'Oeste";SC;13/06/2021
"Nádia Santana";toledo.helena@hotmail.com;985.506.947-11;"Vila Raissa do Sul";PB;11/10/2013
"Dr. Luciano Cervantes Jr.";mgrego@vega.org;784.671.168-70;"Andressa do Leste";RS;28/12/1995
"Sr. Moisés Velasques";mirela69@hotmail.com;365.677.636-98;"Porto Mônica do Norte";GO;29/08/2012
"Janaina Marinho Ramos";ronaldo57@deoliveira.com;862.197.901-20;"Vila Eliane";BA;05/12/2009
"Karine Elis Lutero Neto";jimenes.inacio@ig.com.br;359.084.862-64;"Camacho do Norte";AC;07/02/2018
"Madalena Alves Fernandes";naiara74@hotmail.com;731.768.803-75;"Delgado do Leste";AP;22/12/1988
"Kevin Lourenço Corona Neto";hvega@gmail.com;914.308.767-19;"Fonseca do Norte";MA;05/11/2016
"Eunice Prado Galvão Neto";eunice60@terra.com.br;135.446.349-88;"Vila Cynthia";SC;13/08/2014
"Leo Aragão";bdeaguiar@saito.org;361.472.467-04;"Vila Marcelo do Leste";RO;10/11/1973
"Sr. Eric Evandro das Neves";uchoa.lucio@faro.net;334.723.299-20;"Pietra do Norte";PR;09/06/1992
"Sr. Luan das Dores Gusmão Jr.";cleber05@yahoo.com;015.510.780-15;"Lozano do Norte";RO;27/07/2008
"Luzia Silvana Fidalgo Sobrinho";gustavo.pacheco@gmail.com;268.642.788-40;"Esteves do Norte";AP;18/03/2022
"Sr. Enzo Rosa Maia Filho";bmatos@aranda.org;185.180.287-87;"Santa Gean";BA;15/07/1997
"Dr. Ronaldo das Neves Delatorre Jr.";diana.esteves@gmail.com;297.058.498-03;"Brito d'Oeste";ES;26/11/2000
"Srta. Fátima Daniella Guerra Neto";milena20@uol.com.br;126.038.414-40;"Gusmão do Leste";PR;28/11/2010
"Mia Vila da Cruz Neto";upaes@burgos.net;904.967.637-50;"Afonso do Sul";SE;12/04/2013
"Renata Eva Camacho Sobrinho";soares.bruno@yahoo.com;877.653.433-27;"Santa Naiara";BA;14/07/2001
"Jasmin Batista Galindo Neto";vvale@galindo.net.br;783.624.684-16;"Vila Saulo";SE;27/02/2017
"Dr. Alessandro Tamoio Sobrinho";rleon@hotmail.com;914.511.786-11;"Porto Nicolas do Norte";TO;26/06/1998
"Sr. Felipe Uchoa Filho";nicolas55@barreto.com.br;561.635.459-74;"Queirós d'Oeste";AC;26/01/2001
"Dr. Felipe Sepúlveda";filipe.soares@perez.com;091.238.672-05;"Lira do Norte";RJ;14/12/2015
"Leonardo Sales";wesley.solano@desouza.com.br;431.140.750-53;"São Thiago do Norte";PB;26/01/1995
"Dr. Amanda Rocha Furtado Neto";noemi80@uol.com.br;858.441.712-50;"Vila Laura do Norte";RR;04/08/1990
"Sr. Gean Perez";asalas@saraiva.com.br;846.274.939-59;"Vila Sônia do Sul";AM;03/10/1977
"Dr. Noel Rivera Padilha";vpaes@hotmail.com;729.101.361-59;"São Antônio";TO;08/10/1987
"Josué Matias";ubarros@godoi.br;888.941.412-09;"Marco do Norte";ES;22/08/1985
"Dr. Téo Alonso Campos";denis.alcantara@r7.com;781.205.356-34;"Santa Maximiano";ES;05/05/2009
"Aparecida Estela Lozano Jr.";giovane.vieira@teles.com.br;870.067.783-36;"Vila Inácio do Sul";MG;11/08/2002
"Dr. Tomás Balestero";ortiz.abgail@carmona.net.br;550.733.088-32;"Márcio do Sul";RO;22/03/1971
"Karine Paz";ivana.zamana@vale.com.br;223.412.511-10;"Benez do Norte";PB;11/01/2011
"Hugo David Rico Neto";hugo87@yahoo.com;444.114.379-61;"São Daiana d'Oeste";AP;10/03/1993
"Dr. Deivid Paz Meireles Neto";marcia07@ig.com.br;679.292.193-99;"Vila Moisés do Sul";RO;15/05/1994
"Dr. Evandro Rezende Oliveira";sueli.toledo@roque.com;401.882.632-09;"Santa Agustina d'Oeste";CE;22/04/2000
"Milene de Arruda";barbara.mascarenhas@yahoo.com;929.570.078-35;"Carrara d'Oeste";BA;26/01/1988
"Maraisa Yohanna Lira";allan.souza@espinoza.com;358.050.955-13;"Vila Raissa do Norte";MA;11/01/2013
"Dr. Vitória Valéria Serrano";obalestero@yahoo.com;800.600.314-92;"Batista do Leste";BA;27/02/1982
"Sra. Gabi Regiane Ramires";martines.samanta@yahoo.com;194.925.214-07;"Caroline d'Oeste";RR;25/11/1973
"Angélica Prado Jr.";fcarvalho@uol.com.br;365.521.003-53;"Porto Valéria";MG;11/03/2009
"Simone Fontes Neto";gdeoliveira@terra.com.br;537.029.452-61;"Jasmin do Leste";PR;02/03/2015
"Srta. Léia Juliane Maldonado Jr.";bsales@delgado.com;060.025.342-29;"Tâmara do Leste";AP;29/09/1972
"Yasmin Abgail Sanches Sobrinho";thiago.marin@terra.com.br;053.014.108-65;"São Carol";AM;31/12/1973
"Maiara Aguiar Filho";vinicius73@ramos.org;789.180.464-80;"Pereira do Sul";AC;29/06/2020
"Sra. Sophia Salazar Barreto";boliveira@dacruz.br;071.596.019-98;"Valdez do Sul";GO;07/05/2001
"José Cortês";dazevedo@hotmail.com;721.521.847-34;"Santa Hernani do Norte";RR;16/10/1990
"Srta. Lúcia Marques Santana";rosa.matheus@ferraz.br;358.195.484-26;"Eric do Norte";PR;07/10/1990
"Sr. Eric Pedro Fernandes Jr.";juliana43@aranda.net;932.115.969-09;"Rosa d'Oeste";PI;13/10/2005
"Dr. Rafael Cauan Soto Neto";valeria38@valentin.com.br;062.163.936-26;"São Cléber";CE;27/03/1981
"Agostinho Beltrão Neto";vcorona@padilha.com;319.729.116-60;"São Flávio";MA;21/12/2018
"Sra. Elisa Iasmin Prado";luciano01@gmail.com;007.397.059-03;"Nelson do Sul";CE;24/09/1971
"Flávio Joaquim Delvalle";demian.medina@guerra.com;988.168.874-43;"São Ícaro";MS;10/07/1993
"Sr. Isaac Casanova Lira Jr.";marques.estevao@gmail.com;511.014.978-07;"Porto Rodolfo do Norte";SP;07/07/1982
"Paola Paz Filho";obenez@rocha.com;281.925.653-86;"Isadora do Leste";SE;26/11/1991
"Dr. Jorge Bittencourt";odelvalle@r7.com;437.351.197-78;"Porto Michelle";SC;20/11/2014
"Sr. William Saraiva";lucio53@rangel.org;408.570.835-03;"São Hosana";GO;02/02/1985
"Henrique Erik Galhardo";xsantiago@tamoio.com.br;378.275.240-60;"Porto Enzo do Norte";CE;12/09/2008
"Adriana Sophie Vega Neto";alonso.marinho@terra.com.br;846.704.675-90;"Rico do Norte";RO;03/03/1999
"Dr. Samuel Adriano Zaragoça Jr.";montenegro.eloa@ig.com.br;868.727.123-92;"São Anderson do Norte";SP;01/09/2003
"Dr. Cynthia Lourenço Vasques Jr.";simon41@uchoa.com.br;870.998.287-62;"São Thiago do Sul";RO;24/03/2015
"Débora Norma Estrada Sobrinho";cortes.noa@aguiar.com;658.836.389-37;"Porto Fátima d'Oeste";AP;08/04/2000
"Walter George Dominato";kevin18@furtado.net.br;031.198.613-75;"Porto Kauan";ES;08/12/1991
"Ingrid Correia Ortega";baragao@leon.com.br;502.043.521-00;"Porto Mariah";CE;20/08/2010
"Sr. Maximiano Galvão";colaco.nathalia@hotmail.com;207.885.451-40;"Prado do Sul";TO;06/11/1998
"Pietra Batista Jr.";lqueiros@salas.net;957.020.493-14;"Porto Elisa d'Oeste";PB;14/07/1973
"Sebastião Sandoval Sobrinho";usantana@yahoo.com;362.122.816-02;"São Isadora";MT;20/10/2007
"Sra. Lilian Elisa Bezerra";vlovato@gmail.com;578.786.516-20;"Porto Jasmin do Leste";SC;23/12/2021
"Gabrielly Aragão Filho";wdeoliveira@r7.com;764.828.340-94;"São Fabiano";AM;08/07/1982
"Dr. Denis Saraiva Vasques";bezerra.louise@ig.com.br;930.771.455-02;"Roque d'Oeste";SE;02/10/2020
"Srta. Mel Rico";ester11@verdara.com.br;036.732.769-48;"Isabel do Norte";BA;12/12/1974
"Agostinho Sandoval Ramires Sobrinho";deivid.valentin@rico.com.br;655.637.536-54;"Porto Mel";BA;18/09/1981
"Isis Analu da Silva";rafael.estrada@hotmail.com;656.318.706-49;"Giovanna d'Oeste";MT;18/10/1971
"Silvana Oliveira Martines Neto";luara91@uol.com.br;319.055.123-50;"Aragão do Norte";MT;17/03/2003
"Inácio Ziraldo Espinoza";branco.kevin@uol.com.br;210.076.724-04;"Santa Daiane";MA;08/05/2022
"Srta. Marina Domingues Filho";fabiano.marques@uol.com.br;164.069.373-41;"Carvalho d'Oeste";BA;31/03/1973
"Srta. Sandra Tessália Mendes Neto";talita65@verdara.com;875.284.195-24;"São Fernando";TO;02/07/2010
"Srta. Rosana Alves";mvalencia@marinho.net;478.254.943-18;"D'ávila d'Oeste";PI;13/07/1997
"Dr. Cecília Zaragoça Sales Jr.";tomas50@uol.com.br;356.770.366-84;"São Ziraldo";RR;23/05/2007
"Beatriz Ferreira";noeli.rios@tamoio.br;167.076.515-60;"Franco do Sul";SP;12/05/2021
"Santiago Rivera";josue36@goncalves.com;079.154.773-66;"Amanda do Sul";DF;13/04/1976
"Deivid Velasques";fsales@bonilha.com.br;545.814.328-04;"Delatorre d'Oeste";DF;27/01/1975
"Sra. Isabel Alessandra Oliveira Filho";miguel83@padrao.org;435.573.071-90;"Escobar do Leste";AL;26/10/1972
"Ariana Dominato Filho";isaraiva@uol.com.br;502.887.000-40;"Lozano do Norte";CE;21/05/2012
"Dr. Ruth Sabrina Martines";franciele.ferreira@flores.net.br;339.751.430-45;"Porto Ariane do Norte";RJ;12/12/2009
"Leonardo Cristian Tamoio Sobrinho";silvana.matos@torres.net.br;930.321.414-51;"Elias do Leste";AP;04/02/1972
"Dr. Ricardo Galhardo";rcarmona@hotmail.com;128.936.362-50;"Lovato do Leste";SC;07/07/1982
"Sr. Emanuel Aaron Barros";hgrego@zamana.com.br;490.465.016-63;"Jácomo do Leste";BA;04/02/2021
"Adriano Jean Zaragoça Filho";lira.benedito@gmail.com;121.947.527-06;"Janaina do Leste";MS;17/06/2014
"Allan Inácio Serrano";rayane.souza@uol.com.br;807.683.445-73;"Ferraz do Leste";SP;28/05/1997
"Agatha Serra Balestero";maicon19@ig.com.br;192.512.300-64;"Porto Bia do Leste";PR;13/04/1988
"Srta. Eunice Mendes Ferraz";bia.vega@rocha.com;383.854.773-06;"Bonilha do Leste";DF;02/10/2017
"Dr. Everton Carvalho";luana.marin@ig.com.br;928.127.793-06;"Porto Gisela";PE;15/02/2004
"Sra. Eunice Mary Cervantes";maximo00@alcantara.com;026.049.025-32;"David d'Oeste";AC;22/11/1997
"Denis Rivera Filho";mary.sandoval@hotmail.com;564.465.165-76;"Porto Irene";PI;02/01/1999
"Srta. Thaís Valência Carmona";graziela.ferraz@azevedo.com.br;641.715.491-24;"Franco d'Oeste";BA;22/12/1976
"Martinho Martines";leia.delgado@serra.org;104.788.206-07;"Alice do Norte";CE;29/09/2010
"Davi Verdugo Lourenço Jr.";adriana.franco@uol.com.br;081.705.397-22;"Faria d'Oeste";MG;31/10/2003
"Rosana Léia Azevedo";rodrigues.cesar@r7.com;296.794.596-08;"Vila Jaqueline do Sul";PB;29/07/2016
"Karen Espinoza Dominato Neto";soto.amanda@r7.com;910.901.988-09;"Porto Daniele";AL;20/08/1989
"Regina Rosa";rosana16@yahoo.com;842.793.992-20;"Ortega do Sul";MA;06/01/1982
"Dr. Mel Batista";kevin.pedrosa@terra.com.br;638.518.453-66;"Porto Demian";PB;08/07/1991
"Srta. Tainara Mascarenhas da Cruz Filho";matias.hortencia@pedrosa.net.br;464.034.905-08;"São Augusto";PB;09/10/2020
"Dener Maldonado";naomi97@ramos.br;847.044.606-14;"Gian d'Oeste";RR;03/12/1988
"Dr. Diogo Campos Jr.";serra.nayara@chaves.net.br;738.438.486-96;"São Pedro";MA;10/01/1975
"Emanuel Perez Esteves";marcos68@gmail.com;213.320.451-20;"Erik do Sul";PR;20/01/1998
"Regina Barreto Cordeiro Neto";leia22@hotmail.com;765.138.746-53;"São Wellington do Leste";AL;04/02/2015
"Dr. Simon Adriel Lovato";priscila.paz@quintana.net;559.850.665-33;"Dirce do Norte";DF;08/11/2017
"Laiane Gusmão Godói";romero.augusto@urias.com;127.026.727-28;"Porto Antonella do Leste";BA;10/08/2002
"Dr. Jefferson Murilo Correia Neto";pereira.carolina@uol.com.br;124.376.098-22;"Paes do Norte";PR;19/04/1997
"Dr. Fábio Josué Feliciano Sobrinho";greis@vega.com;190.538.274-04;"Franco do Sul";TO;09/07/1995
"Dr. Deivid Márcio Jimenes Jr.";ymarques@terra.com.br;471.969.088-21;"Janaina do Leste";PE;25/01/1991
"Simon Colaço Rosa Sobrinho";torres.angelica@grego.org;837.002.727-07;"Santa Allan";DF;25/12/2011
"Fabiano Solano";yvale@martines.com;440.837.891-74;"São Diogo";PA;29/09/1979
"Cléber Abreu";andres86@hotmail.com;622.741.182-56;"Rodrigo d'Oeste";AC;29/06/2009
"Srta. Ivana Tamoio Teles";jeronimo.godoi@martines.org;560.415.493-80;"Santa Gabi";RJ;04/03/2006
"Alma Queirós";tessalia.dearruda@vila.net.br;993.133.940-30;"Regina do Norte";PB;11/09/1982
"Dr. Sergio Paz Brito";gbrito@hotmail.com;233.703.061-07;"Faria do Sul";PB;16/10/1989
"Lorena Alice Pacheco Sobrinho";emilly93@oliveira.com.br;671.908.989-72;"Porto Gabrielle";PA;30/01/1987
"Adriel Luciano Saito Sobrinho";fontes.adriana@valentin.com;572.812.884-09;"Vila Ariana";RS;25/12/1970
"Dr. Paula Bianca Valente";xcolaco@sepulveda.net.br;892.987.558-05;"de Arruda do Sul";MT;23/01/2004
"Nathalia Pacheco";roberta72@ortega.com.br;101.536.698-88;"Emilly do Norte";MS;24/05/2008
"Srta. Karina Alcantara Pena Neto";vieira.valentin@flores.net;641.260.012-47;"Jerônimo do Norte";TO;04/03/1978
"Noemi Barros Gil Jr.";alessandro39@yahoo.com;255.404.489-95;"Porto Cláudio d'Oeste";GO;09/11/2005
"Dr. Tainara Paulina Zambrano Filho";zdelvalle@prado.net.br;743.285.870-56;"Serrano do Norte";RR;15/09/1975
"Evandro Horácio Corona Jr.";vitoria27@matos.org;236.507.610-68;"Wesley do Leste";MS;03/10/2000
"Dr. Luiz Ferreira Lovato Neto";thalia04@yahoo.com;081.285.135-83;"Vila Leandro";BA;27/05/1982
"David Gil";laiane.cordeiro@hotmail.com;827.261.581-96;"Santa Sueli do Norte";AL;02/05/2022
"Natan Escobar";sepulveda.jorge@uol.com.br;035.683.236-80;"Leo do Norte";PA;03/09/2004
"Sr. João Matos Urias";jferminiano@yahoo.com;461.440.245-30;"Cruz d'Oeste";SP;18/12/1971
"Dr. Ítalo Alves Filho";ivega@faro.com;713.070.918-90;"Gusmão do Sul";RR;30/06/1986
"Stefany Escobar";yramos@aranda.br;845.023.159-07;"Santa Daniele do Norte";AP;19/01/2019
"Denis Rodrigo Grego";bittencourt.cezar@hotmail.com;645.349.591-09;"São Tatiane d'Oeste";MA;07/04/1984
"Sra. Anita Serna Delvalle";sara.romero@dasdores.org;024.311.468-04;"Analu do Leste";SC;25/04/2008
"Dr. Natal Maldonado Garcia";montenegro.elis@terra.com.br;000.999.681-85;"Bia do Leste";PE;09/12/1978
"Srta. Marina Campos Oliveira";claudia.barreto@hotmail.com;677.151.990-28;"Roberta do Norte";GO;21/07/1999
"Kelly Galvão Filho";luan32@rico.com.br;456.284.063-33;"Stephany do Sul";MG;28/01/1986
"Ohana Santos da Cruz";marinho.ian@goncalves.net;675.346.693-24;"Ivan d'Oeste";SE;26/11/1986
"Dr. João Lutero";miguel97@hotmail.com;260.729.100-33;"Santa Ivan";AL;12/07/1987
"Thomas Vasques Oliveira";madeira.joyce@uol.com.br;033.864.310-97;"Allan do Norte";RR;24/03/1997
"Dr. Dante Rios Barros Jr.";camacho.jose@terra.com.br;608.535.133-09;"Vila Maiara do Leste";TO;23/02/2010
"Allison Paz";marcos.ferreira@campos.br;237.734.900-54;"Cortês do Norte";PE;21/07/1998
"Madalena D'ávila Filho";rosana.branco@yahoo.com;165.332.647-61;"Franco d'Oeste";MS;07/01/2014
"Sônia Thalia Aranda";sergio.ortega@mendes.net.br;433.135.236-68;"Bianca do Norte";PE;29/03/2009
"Regiane Fidalgo";perez.renato@matos.org;640.621.260-60;"Porto Rayane";MA;04/06/1970
"Laiane Benites Galvão Neto";ivana.galvao@goncalves.com;725.454.549-82;"Santa Gisela";AP;03/03/2004
"Srta. Abgail D'ávila";daiane.salas@salas.net.br;103.761.712-60;"Porto Regiane do Norte";BA;25/12/2013
"Danilo Alves Estrada";vdefreitas@alves.com.br;734.676.583-42;"Porto Davi";PI;11/09/1992
"Rebeca Daiana Azevedo";wellington.santiago@r7.com;373.640.568-58;"Vila Naomi";ES;22/06/1978
"Marcos Natal Godói Filho";lsantana@uol.com.br;005.259.832-28;"Vila Heloise do Norte";MT;13/03/1971
"Demian Camacho";christian40@terra.com.br;646.173.032-00;"Vila Sheila";AC;09/01/1984
"Sr. Maicon Adriel Valentin Sobrinho";santana.elizabeth@cordeiro.net;866.454.871-42;"Porto Luísa";RO;12/08/2007
"Michael Faria Verdara";viviane.faro@hotmail.com;085.733.449-20;"Queirós do Norte";ES;17/04/2000
"Sr. Anderson Artur Mascarenhas Sobrinho";alcantara.noa@galindo.com;230.579.166-60;"Porto Fernanda d'Oeste";SE;20/09/1987
"Sandra Carla Cortês Jr.";kfidalgo@escobar.net.br;298.550.392-20;"Vila Ítalo";RR;20/06/1979
"Dr. Robson Delvalle Leon Sobrinho";furtado.marilia@hotmail.com;650.512.113-72;"Denis do Norte";MS;03/06/2005
"Sr. Raphael Rodrigues Carrara Sobrinho";sanches.natan@terra.com.br;154.329.671-89;"Gonçalves do Norte";PE;29/07/2007
"Henrique Serra Leon";pamela.ortiz@abreu.com;264.378.941-56;"Antonella do Leste";PA;01/04/2019
"Sr. Santiago Franco Neto";luisa.santos@caldeira.net.br;192.067.488-82;"Ferminiano do Sul";CE;19/09/2003
"Sr. Renan Padilha Guerra";sonia.salas@gmail.com;082.331.590-85;"Andressa do Norte";RS;30/09/2007
"Luiz Burgos Fernandes Jr.";louise08@gmail.com;802.158.114-02;"São Rafael do Norte";AC;04/06/1983
"Karina Santiago Corona";leticia32@solano.com.br;963.655.966-00;"Vila Kevin do Norte";AM;27/07/2005
"Larissa Salas Serna";alexandre.montenegro@terra.com.br;127.103.071-38;"São Aparecida do Leste";AC;04/02/2016
"Dr. Alice Assunção Salazar";moises18@godoi.net.br;323.765.979-78;"Santa Irene";MA;10/06/1981
"Sabrina Mari Carmona Neto";agostinho.vieira@aragao.br;050.542.010-41;"Martinho d'Oeste";TO;30/08/2006
"Dr. Maurício Medina Neto";julio55@gmail.com;843.618.341-05;"Benez do Norte";SC;28/09/1998
"Dr. Mariana Emanuelly Maldonado";campos.simao@pereira.com;029.291.610-86;"Santa Natália do Norte";MS;03/12/2009
"Dr. Máximo Rivera Roque";wsaito@hotmail.com;935.805.952-45;"Saulo do Norte";PB;17/11/2010
"Michael Mascarenhas Martines";santacruz.tainara@rosa.com;738.079.029-37;"Santa Fabrício do Sul";AC;08/10/1986
"Dr. Fernanda Lovato";nicolas.padrao@romero.net;582.678.910-72;"Carmona do Sul";RS;26/01/1998
"Betina Soto Paes";duarte.bernardo@gmail.com;702.533.289-50;"Amanda d'Oeste";PI;05/10/2009
"Evandro Faria";michelle.maldonado@hotmail.com;574.127.224-09;"Alessandro d'Oeste";PR;08/06/1996
"Dr. Ketlin Serrano Lira";ecarvalho@uol.com.br;140.715.563-66;"Vila Mário";RN;24/12/2011
"Ingrid Medina Filho";rogerio.toledo@martines.com;507.946.676-60;"Ivan do Norte";TO;28/09/2010
"Srta. Fátima Faro Neto";quintana.augusto@zaragoca.com.br;393.455.465-29;"Rosa do Norte";MS;19/10/2016
"Sra. Allison Rico Jr.";claudio.torres@terra.com.br;137.618.109-62;"São Emiliano";GO;15/06/1999
"Srta. Valentina Clara Salgado";clarice.desouza@valentin.net;552.077.924-40;"Mary do Leste";MG;05/04/2018
"Sheila Analu Bezerra Jr.";jbenites@ig.com.br;993.298.455-84;"Rico d'Oeste";AM;01/12/1988
"Alessandra Luana Lozano";tazevedo@serna.com.br;566.773.038-37;"Nathalia do Sul";MG;05/02/1980
"Gabi Ferreira Sobrinho";monica.sandoval@vieira.br;540.515.196-35;"Tiago do Leste";SC;30/10/1995
"Jean Perez Molina Filho";bittencourt.melissa@deoliveira.net;905.917.326-02;"Santa Emília";AC;26/12/2013
"Viviane Sueli Delatorre";vleal@yahoo.com;771.228.151-37;"Furtado do Norte";RO;21/08/2021
"Alan Simon Galindo";leal.viviane@galvao.com.br;711.668.454-94;"Walter d'Oeste";PB;01/10/1970
"Danilo Christian Cervantes Jr.";josefina59@r7.com;746.519.786-49;"Porto Emília do Norte";SP;12/08/1985
"Andres Rezende Batista";tmendonca@aguiar.org;234.957.198-06;"Santacruz do Norte";MT;08/02/1979
"João Leonardo Bittencourt";santos.kamila@gmail.com;851.330.286-44;"Porto Angélica";RR;26/08/2010
"Dr. Abgail Rios Filho";analu.aranda@terra.com.br;126.745.973-56;"Santa Gean d'Oeste";MA;17/01/1988
"Raissa Thalita Caldeira Filho";benez.analu@ortiz.org;914.896.471-98;"Emanuel do Sul";MT;08/02/1987
"Eloá Aguiar Filho";jquintana@gmail.com;607.344.136-37;"Santa Emiliano d'Oeste";MG;17/05/1980
"Sra. Liz Lutero Alcantara";kevin01@jimenes.org;615.152.271-03;"São Sandro";AL;23/11/1989
"Luiza Caldeira Sobrinho";aavila@abreu.org;450.824.954-02;"São Juan";BA;29/03/2003
"Karen Prado Solano Jr.";camilo72@r7.com;839.561.218-48;"Porto Lilian d'Oeste";MS;15/08/2008
"Gean Rocha";yohanna18@ig.com.br;032.691.120-09;"Edson d'Oeste";GO;04/03/2002
"Dr. Gustavo Guilherme Pedrosa";rivera.michael@r7.com;012.809.970-44;"Dener do Leste";DF;02/10/2012
"Srta. Malena Ayla Bonilha Filho";wellington.bezerra@uchoa.org;454.993.820-00;"São Elis";MA;14/01/1977
"Dr. Arthur Matias Mascarenhas Neto";dante.neves@terra.com.br;626.767.820-29;"Santa Heloísa do Norte";RR;06/03/1971
"Melissa Mila Serra";everton15@montenegro.net.br;654.691.706-83;"Ícaro d'Oeste";MG;20/01/1972
"Thales Pena";melinda.molina@terra.com.br;542.398.364-92;"Porto Emanuel";CE;04/11/2015
"Sr. Lorenzo James Serna";gabriela.feliciano@gmail.com;793.621.520-45;"Porto Bella do Sul";AP;08/08/2015
"Srta. Heloísa Brito Neto";saito.igor@yahoo.com;561.764.179-45;"Molina do Leste";MT;13/07/1988
"Sr. Santiago Jonas Gil";santana.luna@zamana.br;466.291.053-62;"Letícia do Leste";DF;24/08/2007
"Edilson Estrada";ricardo55@ramos.com.br;152.013.189-59;"Martines do Leste";SE;10/07/1999
"Dr. Jéssica Cervantes Bezerra Jr.";isadora38@uol.com.br;190.262.001-10;"Lucio do Leste";MS;19/09/2022
"Paulina Ferminiano";benjamin34@santiago.br;159.856.221-50;"Rodrigues d'Oeste";RJ;29/05/2014
"Sergio Ferraz";zcampos@escobar.com;528.312.678-11;"Gabriel do Sul";RS;25/10/2009
"Francisco Vila";yfaria@terra.com.br;956.922.174-73;"Vila Gian d'Oeste";RN;19/07/1976
"Dr. Elisa Juliana Vega";dasdores.emilio@hotmail.com;605.520.826-19;"Vila Elias";PR;28/11/1991
"Sérgio Wesley Galhardo";hernani91@ortiz.com;535.749.810-58;"Sérgio do Leste";AM;16/01/2015
"Gilberto Pereira";caroline.maldonado@velasques.net;133.777.835-47;"São João do Leste";SP;21/10/1997
"Sr. Carlos Dominato";abarros@uol.com.br;345.162.192-47;"São Taís do Sul";SE;13/05/1973
"Dr. Reinaldo Moisés Cortês Filho";christopher09@ig.com.br;337.300.051-38;"Santa João";RS;17/07/1995
"Maiara Estela Marés";vinicius42@fonseca.org;365.859.785-28;"Santa Pâmela do Leste";SP;23/08/1983
"Denis Soto Jr.";francisco68@hotmail.com;251.325.791-08;"Lucas do Leste";MA;08/05/1985
"Enzo Ferreira de Aguiar Jr.";torres.dante@casanova.net;444.003.469-19;"Soares d'Oeste";ES;14/09/1971
"Luana Maria Cordeiro Sobrinho";giovane.perez@gmail.com;458.384.095-09;"Neves do Norte";PB;23/10/1986
"Cristóvão Azevedo Chaves Sobrinho";darosa.flavia@gmail.com;564.217.869-52;"Paz d'Oeste";RJ;02/02/1989
"Renan Rodrigues Beltrão Neto";saraiva.mario@sepulveda.com.br;620.729.614-16;"Porto Isadora do Leste";AP;18/06/2005
"Sra. Eunice Diana Aranda Neto";krangel@yahoo.com;391.527.465-85;"Vila Jennifer do Leste";TO;29/10/1987
"Maraisa Esther Pena";barros.tais@faro.com.br;795.249.327-25;"Márcio d'Oeste";TO;31/07/1992
"Dr. Anderson Benites Fontes Jr.";daiane.defreitas@medina.br;349.690.139-00;"Urias do Sul";AP;24/12/2007
"Maria da Rosa Jr.";amadeira@hotmail.com;588.517.031-24;"Santa Ian";RO;04/05/2018
"Dr. Maitê de Oliveira Quintana";elis10@hotmail.com;530.219.041-90;"Santa Santiago";CE;10/06/2007
"Milene Silvana Sandoval Filho";sophie.cortes@perez.com;185.188.857-87;"Thalia do Sul";TO;25/02/2021
"Srta. Poliana Queirós";dayane08@yahoo.com;335.683.666-81;"Dominato do Sul";DF;25/05/1998
"Ricardo José Leon Sobrinho";breno.casanova@cortes.com;249.538.530-32;"Mariana d'Oeste";PR;30/04/1982
"Camilo Solano";rbonilha@leon.br;303.871.552-28;"São Isabelly";AC;01/02/1999
"Deivid Quintana Filho";serrano.antonella@burgos.com;887.934.168-57;"São Mariah do Leste";AL;16/01/1982
"Dr. Emanuel Michael Faro";deverso.allan@ig.com.br;163.361.154-02;"Santa Melinda d'Oeste";MG;18/01/2017
"Srta. Pâmela Ávila";franco.larissa@hotmail.com;674.437.795-77;"Batista do Leste";PR;11/03/2003
"Sr. Francisco Carvalho Filho";luciano.dacruz@dasdores.net;177.164.044-82;"Paes d'Oeste";BA;16/11/1981
"Dr. Alexandre Giovane Cordeiro";luara27@padrao.org;390.323.500-80;"Gomes do Sul";GO;22/09/2005
"Dr. Cristian Montenegro Valente";joyce.grego@faro.net;520.387.013-69;"São Manuel";RN;24/12/2003
"Dr. Fernando Fontes Neto";rmaia@saraiva.net.br;420.947.621-81;"Porto Demian";PB;19/12/1997
"Dr. Cláudia Norma Cordeiro Jr.";xmadeira@camacho.net.br;036.539.495-56;"Santana d'Oeste";MT;20/12/1996
"Thales Mateus Barreto";ymendonca@defreitas.org;808.091.866-08;"Vila Simon";RS;19/05/2018
"Dr. Antônio Ricardo Saito";rodrigo.amaral@ig.com.br;711.643.078-43;"Porto Estela";AC;09/07/2013
"Cristóvão Paulo Verdugo Neto";bbatista@bezerra.net;797.648.459-16;"Vila Everton";MA;04/08/1996
"Elias Alan Vasques";richard.defreitas@deaguiar.com;507.621.511-88;"Oliveira d'Oeste";RO;05/04/2022
"Cláudio Teobaldo Uchoa Jr.";rsantos@deoliveira.br;027.050.289-00;"Verdara do Sul";PI;30/10/1983
"Srta. Laura Jéssica Branco";kdesouza@gil.net.br;628.176.042-53;"Santa Adriel do Leste";RJ;23/10/2019
"Dr. Isabelly Tatiana Valência";jimenes.suelen@uol.com.br;170.150.670-05;"Regiane d'Oeste";PB;13/01/1981
"Srta. Juliana Flor Amaral";regiane93@gmail.com;951.590.027-15;"Casanova d'Oeste";BA;28/07/1999
"Máximo de Arruda";eva45@maia.br;283.880.415-41;"Porto Breno";SC;14/05/2011
"Sr. Bernardo Yuri Aragão Jr.";cortes.luara@vasques.org;241.933.930-46;"São Eric d'Oeste";MA;28/01/2022
"Alícia das Dores Lovato";kauan90@paz.org;562.459.546-81;"Murilo do Sul";AL;04/08/2018
"Antônio Paes Verdara Jr.";gdelgado@r7.com;797.462.499-08;"Porto Otávio";RR;05/03/1994
"Diego Godói";andres.tamoio@uol.com.br;390.558.505-78;"Luiza do Norte";RN;17/07/2015
"Dr. Emanuel Cauan Queirós Neto";bianca.brito@r7.com;401.999.538-99;"Deverso do Norte";RJ;17/03/1993
"Luísa Paes Paes Neto";lidiane.saito@terra.com.br;932.167.557-46;"Santa Ruth";RS;19/12/1989
"Edilson Fonseca Paz Filho";evandro.solano@aranda.com;163.207.783-34;"Santa Karen d'Oeste";RO;21/04/1999
"Raphael Velasques Sales Filho";amanda.maia@rios.net.br;757.870.997-61;"Porto Eloah do Leste";PR;01/03/2019
"Dr. Gean Assunção Aranda";salgado.suzana@uol.com.br;916.439.105-15;"Breno do Norte";BA;10/04/2018
"Srta. Daniela Alma Carmona";diego34@uol.com.br;753.174.656-56;"Vila Franciele";MS;23/05/2002
"Marcos Vasques da Silva";raquel05@yahoo.com;566.225.564-40;"São Jefferson d'Oeste";GO;15/08/2013
"Richard Rivera";vale.eliane@alves.net.br;542.323.753-09;"Pereira do Leste";PB;04/06/1997
"Sr. Simon Evandro Mendonça";amanda50@souza.com.br;539.405.290-52;"Santa William do Norte";RJ;25/12/2010
"Sra. Norma Rangel";verdara.ketlin@rodrigues.net.br;502.885.588-98;"Porto Alexandre";MA;28/07/2020
"Sr. Giovane Raphael Furtado";erik.deaguiar@lira.com;913.373.273-60;"Denis do Norte";RJ;11/02/2009
"Otávio Carmona Batista";katherine.reis@vasques.net;015.938.271-80;"Porto Willian";PE;17/08/1995
"Dr. Yuri Natan Toledo Sobrinho";paes.aparecida@ig.com.br;251.853.179-30;"Dominato do Norte";SC;12/03/2003
"Irene Ellen Soto Jr.";manuela66@lira.net;331.660.743-92;"Santa Yuri do Leste";PE;18/02/1976
"Srta. Juliane Isabel Zambrano Jr.";suellen.santiago@verdugo.net.br;151.431.031-77;"Porto Igor";PI;19/01/2012
"Edilson Thales Pontes Jr.";allison.santiago@gmail.com;524.698.057-08;"Vila Luciano";SP;15/05/1997
"Dr. Jennifer Diana Dominato";wqueiros@hotmail.com;055.914.279-01;"Porto Ivana";AC;11/07/2013
"Rodrigo César Gomes Sobrinho";lorenzo.galhardo@uol.com.br;042.573.923-63;"Naomi d'Oeste";SE;07/10/2020
"Lorena Urias";ndacruz@ferraz.br;549.855.134-74;"Carvalho do Leste";SE;14/08/2005
"Srta. Clarice Santos";isabelly80@faro.com.br;416.907.301-02;"São Rogério d'Oeste";AC;29/01/2008
"Sra. Jaqueline Dominato Sales";janaina38@tamoio.com;938.755.219-51;"Vila Ian do Leste";PE;26/10/2014
"Ester Matias Jr.";yrangel@quintana.net.br;998.527.597-79;"Vega do Leste";CE;16/06/1990
"Dr. Ingrid Rocha";maldonado.fabiano@quintana.com.br;152.102.933-43;"Porto Lucio";AL;06/05/2016
"Srta. Stephany Mendes";emily.arruda@uol.com.br;947.270.385-28;"Cervantes do Leste";AM;08/12/1985
"Maraisa Santos";renato23@terra.com.br;914.691.589-30;"Perez do Sul";PI;31/12/2009
"Danilo Toledo Beltrão";sanches.violeta@pontes.br;985.057.054-75;"Vila Eric d'Oeste";SE;09/12/2001
"Sra. Isabel Verdara Jr.";martines.sonia@yahoo.com;890.456.142-60;"Porto Mari do Sul";PE;30/03/1988
"Andres Rocha Valdez Filho";paula97@gmail.com;186.671.596-89;"Vega do Norte";MS;02/10/1970
"Srta. Paola Saraiva";teles.ellen@hotmail.com;649.544.333-12;"Camacho do Sul";RN;28/06/2014
"Dante Ramires Mendonça Sobrinho";cristovao81@urias.com.br;599.134.801-40;"Santa Everton d'Oeste";SP;17/09/1982
"Moisés Medina Urias";naiara12@r7.com;901.632.046-67;"Horácio do Leste";AC;09/09/2020
"Sandra Colaço";cesar.godoi@benites.com;288.005.104-50;"Santa Sueli d'Oeste";AC;11/02/1995
"Dr. Fabiano Walter Zaragoça Jr.";edilson.paes@gmail.com;786.071.754-91;"São Richard do Norte";RS;29/12/2020
"Aparecida Franco Jr.";igor.deaguiar@batista.net.br;270.092.473-82;"Noelí do Norte";PE;17/01/2006
"Ricardo Ferminiano Fidalgo Neto";isis.cortes@meireles.com.br;489.156.876-39;"Cynthia do Sul";PR;30/03/1973
"Maicon Barreto Chaves Jr.";qcampos@soto.net;610.894.370-05;"Arruda do Norte";AM;25/10/2022
"Srta. Lilian Ramos Bezerra Filho";tdomingues@valente.org;271.555.930-52;"São Luísa";ES;15/01/1998
"Willian Nicolas Lira";graziela.pacheco@ig.com.br;213.747.292-99;"Porto Rodrigo d'Oeste";AC;14/11/2011
"Ariane Daniele Batista Sobrinho";jeronimo66@uol.com.br;352.233.920-78;"Santa Marina";MG;31/01/2006
"Francisco das Neves Bittencourt";murilo.davila@ig.com.br;105.884.618-30;"Sales do Leste";DF;12/08/2015
"Walter Luis Carvalho Filho";abonilha@gmail.com;880.949.331-19;"Porto Deivid do Sul";PA;14/02/2008
"Roberta Fernandes Jr.";kpadilha@colaco.net;905.193.328-22;"Saulo do Leste";PR;06/01/1988
"João Deivid Marques";paola.valencia@gmail.com;649.147.012-19;"Vila do Norte";RN;12/10/1993
"Srta. Milene Beltrão D'ávila Neto";gabrielle.franco@valdez.net.br;433.528.738-01;"Santa Allan d'Oeste";RR;31/05/1980
"Sra. Noemi Angélica Jimenes Sobrinho";fernando.alves@beltrao.net.br;089.052.895-09;"Vila Heloísa";AP;03/12/1978
"Adriano Sepúlveda Neto";souza.priscila@hotmail.com;511.196.648-02;"Cláudia d'Oeste";RO;27/02/1980
"Sr. Maicon Sanches Branco";urias.barbara@dias.com.br;592.478.485-12;"Manuela do Sul";MA;20/04/2005
"Raquel Colaço Lozano";clarice45@desouza.com;911.417.423-57;"Porto Franciele";MS;16/11/2008
"Fábio Meireles";pcamacho@darosa.net.br;971.497.392-96;"Emilly do Sul";PA;17/03/2011
"Sr. Alan Mateus Delatorre";gmarques@valentin.com;648.785.692-47;"Vila Cristiano";AL;28/10/1978
"Deivid Ortega Verdugo";cramos@brito.net;395.401.641-92;"Porto George do Sul";PE;18/05/1986
"Sra. Verônica Galhardo Neto";isabelly03@cortes.net.br;135.900.118-23;"Santa Paulo do Norte";ES;14/01/1974
"Sra. Elisa Noemi Alves Filho";tjimenes@zaragoca.net.br;855.653.520-88;"Vila Melina";RO;23/02/2008
"Matias Renato Benez";esteves.luciana@correia.org;746.968.028-41;"São Benjamin do Norte";RO;08/10/2010
"Sr. Christopher Daniel Padilha Filho";nmartines@ig.com.br;856.163.563-01;"Branco do Sul";AL;14/10/1993
"Dr. Vicente Ramires";davi26@r7.com;333.272.276-08;"Porto Joana";SP;21/04/1989
"Vicente Paulo Pacheco";rios.maximo@r7.com;817.255.440-08;"Luiza do Norte";AC;13/04/1976
"Joaquim Estrada Godói";qarruda@ig.com.br;991.383.690-52;"Marin do Leste";MG;02/01/1971
"Dr. Analu Valentina Rico";regiane52@gmail.com;340.873.065-26;"Faria d'Oeste";RS;18/06/1979
"Saulo William Deverso Sobrinho";fontes.mario@sandoval.net;009.048.909-88;"Santa Júlia d'Oeste";RJ;13/07/2013
"Natan Perez Perez Neto";xperez@padilha.net;987.907.734-20;"São Stephany do Sul";RN;16/10/2002
"Srta. Juliana Nathalia Gil Sobrinho";vmaia@sandoval.com;008.148.636-71;"Vila Bruna";SC;18/12/2000
"Jasmin Gil";emilia.urias@ig.com.br;565.530.025-76;"Porto Joaquim do Leste";AC;22/11/1995
"Inácio Soares Neto";azambrano@hotmail.com;398.151.467-00;"Santa Isaac";SE;21/07/1970
"Josué Hugo de Arruda Neto";ivana.gil@uol.com.br;885.750.454-90;"Regiane do Norte";RO;11/12/1987
"Dr. Adriele Gabriela Quintana";michael93@hotmail.com;397.517.845-06;"Santa Ricardo do Norte";MT;20/07/1995
"Ítalo Reis Neto";luiz86@garcia.com.br;055.626.451-73;"Santa Henrique";RO;27/08/1987
"Thiago Kléber Romero";suellen.bezerra@ig.com.br;303.823.462-11;"Salazar do Leste";GO;14/10/1989
"Dr. Vinícius Faro de Souza Filho";cleber.casanova@uol.com.br;211.823.005-29;"Montenegro d'Oeste";CE;18/06/1985
"Dr. Maiara Gomes";solano.jean@campos.br;839.998.759-09;"Vila Dayana";AM;19/08/1979
"Diego Matias Soto Jr.";agostinho32@uol.com.br;380.515.119-56;"Santa José do Leste";MT;22/12/2002
"Sra. Maraisa Brito Jr.";lilian.saraiva@uol.com.br;627.081.833-89;"Alves do Sul";GO;30/06/1975
"Sr. Joaquim Dias Meireles";mdelatorre@terra.com.br;058.334.790-88;"Vila Marco";SP;28/01/2020
"Noemi Alexa Ortega Sobrinho";garcia.natan@hotmail.com;779.791.683-72;"Eduarda do Sul";MT;09/11/1999
"Christian Francisco Rivera Jr.";corona.melinda@rangel.com.br;396.306.414-53;"Santa Emanuel do Sul";MT;25/06/1996
"Dr. Jean Carvalho Mendes";sramos@lira.br;302.369.119-37;"Vicente do Norte";SC;25/01/1986
"Srta. Bella Gil";heloise62@terra.com.br;564.540.719-95;"Alexandre d'Oeste";RJ;20/07/1986
"Rogério Nicolas Padrão Sobrinho";jonas03@salazar.net;485.984.388-63;"Daniele do Sul";RR;02/11/1978
"Sra. Janaina Benez Vila Neto";batista.alan@casanova.com;484.996.517-20;"Noelí do Sul";PI;27/03/1990
"Suelen Roque Sobrinho";furtado.liz@ig.com.br;196.297.923-70;"Porto Sara do Sul";PR;12/01/1971
"Dr. Thales Galhardo";dferraz@yahoo.com;988.181.715-34;"Santa Josefina";ES;27/01/2009
"Noemi Chaves";barreto.francisco@uchoa.com;543.746.025-26;"Karen do Norte";RJ;04/09/2011
"Sra. Adriana Faria Barreto Sobrinho";mila04@ig.com.br;230.398.127-18;"Sérgio do Leste";RR;29/05/1993
"Reinaldo Cruz Furtado";filipe96@hotmail.com;402.978.815-74;"Mariah d'Oeste";SC;10/04/1998
"Dr. Moisés Cervantes";ibatista@valentin.com;995.835.361-05;"Cristiano do Norte";AC;02/12/2000
"Srta. Luiza Ortega";thalita.galindo@ig.com.br;350.522.947-43;"Camacho d'Oeste";RO;11/05/1983
"Gian Vale";miguel.medina@ig.com.br;856.102.658-86;"da Rosa do Sul";RO;23/10/1971
"Dr. Sandra Milene Torres";micaela.toledo@salas.net;905.290.036-19;"Fabiana d'Oeste";RR;23/07/2009
"Josefina Stephany Medina Jr.";carmona.suelen@mares.com.br;642.027.105-33;"Porto Edson do Sul";PA;03/12/1984
"Isabel Ramos Medina";deaguiar.pedro@casanova.org;771.172.637-68;"Vila Nicole do Sul";AC;22/01/1972
"Roberta Fidalgo";bdelvalle@pontes.br;152.824.447-80;"Flores do Sul";MA;11/01/1990
"Srta. Gabrielly Isadora Matos";maia.mariana@gomes.com;800.352.190-41;"Rosa d'Oeste";GO;24/11/1997
"Dr. Eliane Branco";andres.benites@yahoo.com;489.907.844-76;"Alves do Norte";DF;27/12/2011
"Stephanie Galindo Benites Sobrinho";edearruda@serrano.com;730.708.784-74;"Vila Fábio do Sul";RN;24/07/2013
"Sr. Augusto Montenegro";silvana.amaral@prado.org;883.248.151-04;"Mary do Norte";DF;10/08/2018
"Valentin Matias Marinho";juliana.oliveira@aguiar.com;616.434.827-77;"Vila Pablo do Leste";DF;23/05/2009
"Dr. Rogério Artur Vale";vmaldonado@barreto.net.br;685.572.629-14;"São Walter do Sul";MS;04/12/2015
"Sr. Vitor Tomás Rezende";miguel.lourenco@uol.com.br;020.972.753-54;"Gabriela do Sul";AL;15/12/2012
"Jerônimo Molina";thais24@yahoo.com;596.313.522-26;"Santa Jaqueline do Sul";PB;15/10/1971
"Francisco Cordeiro Arruda";livia82@roque.com;913.981.647-80;"Clarice d'Oeste";SE;13/08/2008
"Sra. Michelle Batista Sobrinho";leo39@aguiar.com;441.770.490-26;"Esteves do Leste";SE;01/12/1988
"Dr. Allan Amaral";ariane75@aranda.org;579.157.084-81;"Alves do Leste";RR;25/03/1987
"Joana Santana";grego.augusto@gmail.com;985.200.015-21;"Benez do Sul";MA;18/12/1989
"Lucio Cervantes Paz";santiago30@hotmail.com;054.349.762-31;"Ferreira do Norte";PI;13/12/1980
"Tâmara de Freitas";william38@beltrao.com;770.223.149-18;"Eloá do Norte";MG;01/06/1999
"Dr. Patrícia Jennifer Burgos";marta.deaguiar@batista.br;616.013.351-99;"Porto Carol do Sul";SP;19/12/2021
"Sarah Thaís Benites";julio.ortega@gomes.org;315.863.816-95;"Porto Silvana d'Oeste";PI;13/07/1984
"Bia Lourenço Sobrinho";wsantacruz@yahoo.com;869.072.602-04;"Deivid do Norte";PE;02/01/1989
"Sra. Flávia Denise Zaragoça";wfaro@r7.com;761.221.167-00;"Santa Andréia d'Oeste";MS;17/12/2004
"Sra. Sofia Molina Alcantara";valente.stephanie@terra.com.br;252.617.173-37;"Taís d'Oeste";CE;13/06/2013
"Benedito das Neves";balestero.luiz@paes.com.br;859.868.759-66;"Cléber d'Oeste";ES;18/11/1998
"Nayara Alícia Valente";louise41@hotmail.com;425.316.537-08;"de Freitas do Leste";ES;01/02/2020
"Dr. Ornela Pena Neto";nmedina@ig.com.br;160.964.449-20;"Maicon d'Oeste";RO;16/04/1997
"Sr. Otávio Estrada";azevedo.alessandra@yahoo.com;708.627.496-89;"Melinda do Sul";SE;03/06/1999
"Srta. Luísa Agustina Alcantara Sobrinho";camila23@rezende.br;203.821.461-15;"Porto Vinícius";MT;05/03/2003
"Manuel Lira";ohana24@aragao.net.br;511.351.893-07;"Thalia do Norte";AM;24/01/1979
"Srta. Daniele Faria Vieira Neto";smolina@urias.br;123.273.925-19;"Porto Everton do Sul";SP;30/12/1989
"André Valdez Quintana";dcarrara@uol.com.br;319.269.601-06;"São Raquel";PE;22/05/1994
"Sr. Jácomo Roque";rodrigo.darosa@galhardo.com.br;642.620.075-10;"Porto Lidiane do Sul";MG;25/06/1998
"Sr. Richard de Oliveira Jr.";manoela74@r7.com;482.874.723-00;"Renan d'Oeste";MT;11/10/1976
"Daniele Padilha";luna82@dasdores.net.br;742.342.853-15;"Emanuelly d'Oeste";MG;12/07/2005
"Sr. Elias Azevedo Esteves Filho";hernani27@queiros.com;361.791.786-07;"Porto Natan";DF;08/05/1988
"Sr. Josué Toledo Cordeiro";urias.bernardo@gmail.com;604.124.586-08;"Caldeira do Sul";MT;16/02/1996
"Srta. Thaís Chaves Filho";ybenites@rangel.net;461.364.054-74;"Vila Cristiano";PI;20/07/1976
"Miriam das Dores Alcantara";raissa.pena@hotmail.com;980.763.131-98;"Santa Benedito";ES;02/09/2007
"Sra. Júlia Pedrosa Guerra Neto";felipe.matias@yahoo.com;774.429.596-01;"Elias do Norte";MS;14/06/2020
"Lia Medina das Neves Sobrinho";ggalvao@yahoo.com;593.579.926-00;"Porto Elisa do Norte";AP;21/12/1996
"Sr. Richard Serna Caldeira";luna34@gmail.com;361.835.910-17;"Richard do Sul";PA;15/06/1973
"Nayara Daniele Perez Jr.";kbrito@terra.com.br;248.746.733-92;"Rios do Leste";MA;22/10/2022
"Fátima Lourenço Jr.";denise.feliciano@ig.com.br;534.921.607-43;"Agatha do Leste";BA;02/06/2012
"Sra. Irene Adriana Pontes Filho";lamaral@hotmail.com;670.665.666-61;"Porto Thaís d'Oeste";RN;02/05/2008
"Guilherme Maximiano de Arruda Sobrinho";amaral.emilio@hotmail.com;041.364.742-02;"Dayana d'Oeste";GO;04/09/2013
"Dr. Luísa Vila Caldeira";francisco.mendonca@terra.com.br;668.818.855-47;"Mila do Sul";AL;27/06/1977
"Mariana Burgos";nramos@vega.net.br;754.364.502-53;"Vila Ayla";PI;03/02/1994
"Sandro Valentin de Arruda Sobrinho";hugo88@yahoo.com;859.135.260-23;"São Fátima do Leste";AP;24/09/1972
"Noelí Casanova Sobrinho";adriel46@yahoo.com;980.614.253-51;"Porto Jennifer do Sul";RS;02/04/2022
"Júlio Roberto Rocha";domingues.miguel@r7.com;924.448.939-21;"Porto Otávio";RS;21/07/1971
"Nathalia Nayara Cortês";daiane79@ig.com.br;802.189.024-09;"Zaragoça d'Oeste";SC;14/05/2021
"Constância Casanova Santiago Filho";pietra51@uol.com.br;704.608.386-01;"Santa Sandra";GO;20/08/1978
"Dr. Tessália Vitória Galvão Sobrinho";daniele.desouza@gmail.com;985.256.910-46;"Ramires do Norte";GO;13/04/1976
"Luísa Grego";laura65@salas.br;513.244.906-91;"Camilo do Sul";AC;02/08/1975
"Sra. Thaís Serrano Colaço Filho";flor88@ferreira.net;102.837.898-08;"Valéria do Leste";RO;29/03/1999
"Sr. Tomás Daniel Molina";franco.ronaldo@uol.com.br;323.374.963-50;"Francisco d'Oeste";DF;30/07/1983
"Sr. Horácio Oliveira Vieira";sandoval.horacio@rivera.com;085.780.871-00;"Serra do Sul";GO;01/01/1979
"Srta. Maya de Aguiar Filho";qromero@gmail.com;083.117.719-52;"Godói do Sul";PI;06/03/1998
"Sr. Jean Tamoio Jr.";ibranco@brito.com.br;687.874.388-52;"Vila Elias";AM;07/02/1982
"Dr. Mônica Aragão Alcantara";deivid49@vieira.net.br;467.856.134-00;"Thaís do Sul";RR;24/01/1991
"Alexa Lovato";faria.esther@ig.com.br;257.530.040-16;"Andressa do Norte";RN;02/06/1984
"Dr. Lilian Queirós Jr.";james.flores@yahoo.com;886.447.230-49;"Santa Giovana do Sul";CE;26/04/2017
"Srta. Naomi Galvão";ziraldo.azevedo@pontes.br;026.849.843-10;"São Daniella do Norte";DF;24/08/1993
"Maísa Daniella Brito";carol65@maia.com.br;243.809.572-50;"Zamana d'Oeste";SP;31/07/2000
"Mariana Pedrosa Vasques Filho";sespinoza@terra.com.br;862.802.609-68;"São Kauan do Leste";AM;07/11/1999
"Sr. Wagner Thomas Serrano Jr.";mares.daiane@alcantara.com;167.382.109-06;"Leandro do Norte";SC;09/08/2010
"Sr. Ziraldo Maldonado Jr.";uramires@maldonado.org;117.022.815-15;"São Dener do Norte";DF;04/08/1978
"Daiana Padilha Flores Sobrinho";sara83@santacruz.br;791.112.826-06;"Porto Jasmin";AC;26/09/1974
"Sra. Rosana Tábata Casanova";rodolfo53@r7.com;282.271.272-74;"Eloah do Sul";GO;17/11/2019
"Laiane Thalita Brito Jr.";anita.zaragoca@rodrigues.com;539.588.278-29;"Reinaldo do Norte";TO;17/06/1997
"Sra. Tatiana Santiago Corona Neto";ian86@fonseca.net;166.596.468-50;"Queirós do Sul";MS;27/09/2010
"Dr. Cecília Adriana Valente Jr.";dquintana@uol.com.br;881.030.031-90;"Vila Mauro";CE;28/07/1972
"Sra. Nicole Sanches Mascarenhas Jr.";correia.nero@branco.com;554.103.616-01;"Vila Tatiane do Leste";PR;03/12/2006
"Malena Fontes Filho";cecilia.ferminiano@escobar.net;572.024.076-47;"Deivid do Sul";MA;04/01/1981
"Srta. Karen Salas Jr.";raissa08@dasilva.net.br;525.330.285-92;"Saito do Norte";RS;06/11/1977
"William Domingues Jr.";dfontes@uol.com.br;671.342.594-12;"George do Sul";ES;04/04/1999
"Gabrielly Manoela Gomes";mel.batista@terra.com.br;023.007.146-55;"Santa Mônica";ES;13/07/2003
"Mauro Ortiz";marin.marco@perez.com.br;404.244.422-99;"Santos do Leste";TO;18/03/1990
"César Arruda Valentin";desouza.monica@prado.com;734.864.620-40;"Porto Mário do Leste";MG;28/01/1988
"Laura Campos Gonçalves Filho";marcio.davila@uol.com.br;327.889.929-63;"São Juliana";MG;19/07/2019
"Théo Serra Reis";giovane.salas@gmail.com;852.030.585-71;"Santa Dener";PB;27/08/2016
"Marcos Zaragoça Rosa Filho";murilo56@terra.com.br;013.156.477-37;"Valdez do Sul";MG;07/08/2009
"Sr. Raphael Quintana Filho";willian44@ferraz.com.br;337.596.822-19;"Vale d'Oeste";CE;20/07/2022
"Robson Aragão Galvão Filho";ariana80@cordeiro.com;993.312.533-89;"Viviane do Leste";AL;22/11/2003
"Dr. Ronaldo Paulo Casanova";pablo.escobar@yahoo.com;499.890.163-05;"Santa Nathalia";PE;12/04/1990
"Wilson David Santiago Filho";fvila@uol.com.br;921.138.555-50;"Santa Alan do Sul";SC;07/10/2011
"Dr. Sérgio Vale Filho";nmarin@corona.net;360.400.316-46;"Leal d'Oeste";RN;01/05/2015
"Marta Uchoa";wesley89@uol.com.br;052.382.773-34;"Sueli do Norte";PA;15/12/2015
"Rodolfo Flores Tamoio Neto";arthur78@uol.com.br;870.131.118-21;"Cléber d'Oeste";MT;01/08/1988
"Dr. Eliane Pedrosa Filho";xteles@faro.com;991.314.870-76;"Vila Eloah do Norte";RN;22/03/1993
"Caroline Carolina Zambrano";umarinho@r7.com;260.929.265-12;"Porto Raphael";SC;06/08/1985
"Henrique Bittencourt Filho";xdelgado@ig.com.br;888.254.729-94;"Colaço do Norte";ES;31/10/2013
"Srta. Miranda Andressa Ferreira";goncalves.claudio@benites.com;153.313.278-00;"Porto Luana do Sul";MG;03/04/2014
"Sr. Matias Aranda Delgado";lara06@rico.net.br;492.643.507-13;"Vila Samara";AM;30/10/2007
"Patrícia Stefany Matos Jr.";luana.urias@matias.com;388.845.235-08;"Neves d'Oeste";AM;27/12/1996
"Micaela Elisa Barros";delvalle.bruno@avila.org;055.260.624-30;"Suellen do Leste";RS;12/01/1982
"Dr. Martinho Carvalho Gil Sobrinho";stefany.salas@franco.com;853.764.747-04;"São Ivana do Norte";RJ;16/06/1981
"Sueli Pedrosa Verdara";colaco.helena@ig.com.br;490.515.748-00;"Santa Cezar do Leste";SE;25/10/1989
"Iasmin Ruth Gonçalves";hduarte@fidalgo.net;862.782.922-54;"São Miriam do Norte";PR;12/04/1996
"Fernando Emanuel Valência";julio.casanova@r7.com;080.198.556-02;"Valdez do Leste";RJ;27/01/1974
"Srta. Marta Lilian Rezende Filho";jcolaco@r7.com;793.131.178-78;"São Teobaldo do Leste";RO;22/09/1970
"Sra. Luara Godói Jr.";constancia16@perez.com.br;447.603.872-77;"Vila Ítalo";BA;01/11/2009
"Danielle Bittencourt Zambrano";marinho.julia@lovato.net.br;431.860.403-96;"Guerra do Leste";MS;30/01/2003
"Rogério Corona Sobrinho";bfurtado@uol.com.br;606.844.202-01;"Porto Demian";MT;05/11/2003
"Violeta Meireles";ivana.cortes@dias.net;145.111.223-85;"São Norma d'Oeste";PR;20/06/1988
"Mariah Paz Barros";benites.cintia@vila.net.br;426.292.668-00;"Vila Erik";DF;18/11/2006
"Srta. Fátima Marinho Neto";mirella18@gmail.com;849.330.796-33;"Porto Eric d'Oeste";RO;07/12/1975
"Dr. Rafael Valentin Filho";reis.guilherme@sepulveda.com;045.462.637-16;"Vila Gisele do Leste";AL;17/07/1997
"Dr. Gabrielly Márcia D'ávila";wgomes@hotmail.com;429.832.451-60;"Zambrano do Leste";MA;14/02/2021
"Mariana da Silva Valente Filho";emilio17@ramos.com.br;180.900.196-09;"Santa César d'Oeste";PB;07/06/1993
"Joaquim Sebastião Grego";gomes.lorena@rosa.com.br;375.278.792-97;"Rico d'Oeste";AP;31/08/1983
"Sr. Lorenzo Nero Alcantara Neto";vanessa61@uol.com.br;296.150.442-29;"Fonseca do Sul";RS;26/08/2020
"André Aaron da Silva Jr.";casanova.julia@hotmail.com;468.980.985-27;"Vila Robson";RO;17/10/2009
"Bia Mariah Fidalgo Jr.";dsepulveda@terra.com.br;117.924.708-60;"Ferreira do Sul";RS;31/08/1990
"Sr. William da Rosa Neto";deivid32@gmail.com;996.121.539-73;"Vila Nayara";SE;11/11/1987
"Dr. Alexandre Vila";matos.henrique@uol.com.br;221.992.945-01;"Vila Noemi";RN;29/03/1985
"Dr. Luan Bittencourt Jr.";suzana.darosa@yahoo.com;294.369.699-45;"Porto Antonieta do Leste";MA;10/01/2000
"Wellington Vega";hmedina@carmona.com.br;971.919.451-09;"Vila Ornela do Norte";PE;15/06/1984
"Maya da Cruz Jr.";valencia.adriana@r7.com;865.014.363-62;"Arruda d'Oeste";SC;19/07/1994
"Sônia Pérola Fernandes";toledo.mario@gmail.com;947.435.857-59;"São Valentin";GO;14/09/1997
"Samuel Prado Lovato";antonio03@cordeiro.com;989.498.862-86;"São Stephanie do Leste";BA;06/10/1983
"Suelen Feliciano";mgrego@velasques.net;237.128.710-58;"Santa Rafael";RJ;18/06/2008
"Estela Rivera Quintana Neto";julia.guerra@fidalgo.com;614.267.699-97;"Velasques d'Oeste";AL;16/05/2010
"Sra. Naiara Beltrão de Oliveira Neto";fonseca.sophie@hotmail.com;212.236.224-36;"São Elaine do Sul";PB;07/03/1973
"Aline Benites Sales";correia.bernardo@galvao.net;370.192.141-50;"São Ivana";ES;17/03/1989
"Mila Olga Carmona";jcaldeira@r7.com;714.996.035-92;"Porto Isis do Sul";PB;26/12/1975
"Cristóvão Rosa Jr.";ivaldez@terra.com.br;459.929.593-00;"Cervantes do Norte";RR;07/06/1986
"Alma Casanova Faro Neto";amaral.moises@gmail.com;813.668.887-74;"Vila Thales";PE;13/05/2018
"Dr. Sandra Beltrão Faria Filho";soto.josefina@benez.com.br;318.670.194-50;"Rangel do Norte";DF;05/08/2005
"Mário Ferminiano Aragão";eoliveira@uol.com.br;654.561.486-09;"Santa Paulo";BA;02/06/2022
"Dr. Helena Sepúlveda Marin Neto";marcio12@abreu.br;546.557.719-33;"Porto Ana";AM;03/12/1970
"Bárbara Stephanie Sandoval Neto";mdavila@maia.org;619.424.727-49;"Perez do Leste";GO;12/04/2007
"Dr. Igor Ramires Neto";delvalle.cristovao@cervantes.net;877.109.401-61;"Eduardo d'Oeste";AM;05/02/1986
"Srta. Stefany Vila de Freitas";eloah.uchoa@yahoo.com;225.426.435-47;"Santa Vicente";RS;05/10/1990
"Srta. Lavínia Thaís Meireles Jr.";iasmin78@zamana.com.br;858.970.427-05;"Santa Gabriela do Leste";PE;11/12/1997
"Noemi Vanessa Serna Jr.";delatorre.amanda@r7.com;534.302.107-71;"Molina d'Oeste";GO;15/04/1996
"Eduardo José de Arruda";kleal@hotmail.com;851.498.034-30;"Zamana do Sul";PI;17/06/1995
"Dr. Stephanie Cruz";pena.hugo@galindo.com;535.220.461-88;"Santa Tâmara do Sul";RN;22/03/1993
"Cristóvão Natal Branco";nero80@solano.org;611.417.269-80;"Porto Enzo do Norte";AP;31/01/2021
"Simão Barreto Medina Jr.";lovato.marcelo@sales.com.br;290.831.485-13;"Alexa do Norte";AC;31/08/2001
"Alan Maia Rico";antonieta.queiros@hotmail.com;001.704.528-24;"Porto César";SC;07/06/1978
"Melina Marin Neto";rafael21@hotmail.com;425.402.257-30;"Santa Fabrício";MA;03/04/2015
"Rafael Gonçalves Sobrinho";tatiana.abreu@benites.com;962.001.925-37;"São Olga";AC;30/06/2016
"Walter Renato Santacruz";teobaldo16@zaragoca.net;066.306.729-41;"Estêvão d'Oeste";SP;17/11/1994
"Dayane Léia Delvalle Filho";santos.isabel@uol.com.br;928.492.624-63;"Caldeira d'Oeste";MA;18/12/1996
"Pedro de Arruda Ramires Filho";sanches.nayara@r7.com;090.004.297-49;"Porto Nero do Leste";ES;29/10/1987
"Samuel Horácio Alcantara Jr.";cauan.ferraz@r7.com;743.209.203-68;"Lovato do Leste";SP;27/12/2009
"Sra. Beatriz Sabrina Ramos";martines.horacio@hotmail.com;865.815.700-87;"Vila Melissa do Leste";SP;03/05/1970
"Srta. Dayane Chaves Sobrinho";stella.vega@rangel.com.br;641.043.256-94;"Abreu d'Oeste";SP;15/09/1975
"Yohanna Amaral Souza Jr.";kcorreia@uol.com.br;251.975.836-81;"Mendonça do Norte";RR;28/10/2001
"Sr. Gabriel Matos Uchoa Neto";graziela.deaguiar@santos.net.br;835.354.952-29;"Dayana do Sul";TO;23/01/1981
"Sr. Sandro Alessandro Gil Jr.";breno.abreu@hotmail.com;163.739.007-62;"São Gisela do Sul";RR;10/12/1984
"Nayara Raysa Tamoio";casanova.heloisa@terra.com.br;303.429.387-97;"Queirós do Sul";MA;15/07/1981
"Léia Fidalgo Ramires";colaco.edson@balestero.com.br;602.219.940-92;"São Nayara d'Oeste";AP;27/08/2004
"Júlio Rodrigues Faro Neto";samara58@ig.com.br;816.693.542-29;"Santa Roberta do Leste";DF;28/06/2002
"Sr. Camilo Esteves Sobrinho";cflores@terra.com.br;023.098.726-52;"Soares do Leste";PR;29/07/2010
"Sr. Benjamin Lucio Ortega";vdasdores@estrada.com.br;728.119.742-02;"Soares do Sul";AP;24/07/2022
"Ítalo Santana Jr.";giovane.rios@terra.com.br;698.660.328-25;"Vicente d'Oeste";DF;24/03/1994
"Daniel Ferminiano";evale@gusmao.net.br;842.068.115-63;"Porto Téo";SE;06/02/2014
"Joaquim Romero Galvão";lozano.katherine@aragao.org;225.523.944-26;"Vila Robson d'Oeste";AP;15/02/1978
"Márcia Souza Carmona Filho";hamaral@yahoo.com;609.908.369-32;"Vila Daiana";RR;10/03/1980
"Giovane Davi Serrano";padrao.elis@r7.com;427.110.487-64;"Suzana do Norte";PB;07/12/1989
"Sr. Hernani Leandro Vila";rico.maicon@ig.com.br;043.549.181-45;"Bittencourt do Leste";RN;08/11/2020
"Dr. Gian Filipe Benites Jr.";duarte.bruno@terra.com.br;733.188.970-27;"Rosa do Norte";AC;20/09/2007
"Sr. Leonardo Barreto Matos";sebastiao.furtado@terra.com.br;829.668.867-06;"Flávia do Norte";PA;05/09/2022
"Dr. Cezar Soares";mascarenhas.iasmin@darosa.com;051.470.932-49;"Porto Agatha";PI;22/07/1995
"Wellington Vitor Cervantes";correia.nicolas@r7.com;055.307.324-96;"Santa Gean";PE;19/05/1992
"Bruno Lozano Rangel Filho";luis76@aragao.com;365.891.007-05;"Amélia do Sul";AC;15/02/1981
"Martinho Michael Madeira Jr.";ferminiano.ayla@ferraz.com.br;497.337.760-09;"Vila Kevin do Sul";RO;15/11/1989
"Allan Delvalle Cordeiro Jr.";rivera.julio@gmail.com;787.467.532-06;"Vila Yasmin";MG;14/10/1993
"Paola Cervantes Bezerra Jr.";tamara52@gmail.com;744.818.060-60;"Maximiano d'Oeste";BA;19/02/1986
"Dr. Marcos Vitor Rios";david04@hotmail.com;073.385.923-22;"Wellington do Leste";AC;27/11/1994
"Júlio Gael Azevedo";fonseca.mirela@ig.com.br;105.147.871-55;"Delvalle do Norte";CE;11/03/2004
"Sr. Pablo Aguiar";suellen26@escobar.com.br;241.848.582-01;"São Vitor";MG;04/03/1996
"Renan Jean Lourenço Filho";vieira.thalita@fontes.com.br;499.895.027-49;"Vila Thalia d'Oeste";TO;28/04/2019
"Fabiano George Delvalle Filho";laranda@mares.com.br;766.545.043-13;"Vila Pedro do Leste";TO;16/01/1980
"André Ícaro Mendonça";daniel75@montenegro.com.br;125.597.837-62;"Porto Olga do Leste";AM;28/10/1982
"Srta. Maya Tatiane Matos";josefina09@ig.com.br;802.610.132-46;"de Aguiar do Sul";PA;29/05/2011
"Alana Olga Dias";cristiana.vale@saito.net.br;239.110.566-56;"Porto Lilian";PI;24/08/1971
"Dr. Jefferson Benites Molina";sara81@souza.net.br;765.124.511-39;"Santa Kelly";SP;01/05/2022
"Sr. Arthur Montenegro Fontes Neto";thalia94@pereira.com;723.646.285-39;"Galhardo d'Oeste";MG;05/12/2002
"Sr. Thiago Dante Carmona Filho";corona.noel@santiago.net.br;757.286.513-56;"Santa Heloise";SC;11/09/2006
"Jean Rivera de Freitas Sobrinho";edilson.queiros@molina.com.br;276.211.689-94;"Késia do Sul";PE;24/02/1995
"Sr. Vinícius Ricardo de Oliveira";nicolas26@gmail.com;445.635.627-85;"Walter d'Oeste";RR;06/10/1987
"Lilian Serra Jr.";ureis@faria.net.br;956.595.621-16;"Medina do Leste";PE;12/02/2000
"Srta. Mary Serra Madeira";marcio64@terra.com.br;770.747.601-88;"Amaral do Norte";PR;06/09/1982
"Mari Dayana Queirós Sobrinho";cecilia15@ortega.com.br;523.737.136-16;"Cíntia do Norte";TO;06/10/2010
"Dr. Noelí Solano Correia Jr.";larissa.madeira@pontes.org;499.434.792-13;"Diego do Leste";PR;09/05/1976
"Afonso Benjamin Ferreira";lia79@casanova.com.br;921.191.349-79;"Vila Willian";RN;30/04/2016
"Fernando Nelson Salas";gperez@uol.com.br;068.526.354-14;"Christopher do Norte";RN;26/02/2008
"Mel Solano";richard.alcantara@mendes.net.br;682.816.289-79;"Porto Melina do Leste";GO;05/07/1984
"Paulo Zambrano da Cruz";daiane.rosa@uol.com.br;764.803.697-50;"Porto Marcos d'Oeste";CE;21/10/2022
"Cristina Carvalho Filho";irene.ferreira@terra.com.br;034.385.352-38;"Porto Mário";MG;29/10/1998
"Mirella Benites";lroque@yahoo.com;278.245.688-14;"Vila Thalissa d'Oeste";MG;07/02/1983
"Janaina Pâmela Soares Sobrinho";qavila@leon.com;907.984.820-44;"Porto Andres";AC;24/03/2003
"Dr. Fernanda Eliane Branco";sara.pacheco@defreitas.net;513.323.933-57;"Porto Enzo";SC;31/12/1985
"Srta. Alícia Aragão";talita.duarte@burgos.com;470.183.755-50;"Vila Jefferson";RJ;28/03/2019
"Dr. David Alves Jr.";alicia.valencia@padilha.com;434.326.792-03;"São Fabiano";MA;14/01/2005
"Edilson Galindo Galindo Neto";campos.joaquim@soares.com.br;814.186.356-85;"Filipe do Sul";MT;26/05/2006
"Sra. Juliana Faro";cristian.faro@yahoo.com;667.656.737-76;"Santa Sérgio d'Oeste";MT;06/05/2006
"Srta. Daniella Santiago Sobrinho";luis00@quintana.br;143.262.160-26;"D'ávila do Norte";TO;19/02/1987
"Dr. Kauan Oliveira";micaela.carvalho@uol.com.br;271.330.766-08;"Sandoval d'Oeste";PE;23/12/2006
"Sr. Demian Mário Burgos";ferraz.rodrigo@marin.br;892.871.051-03;"João do Sul";SC;28/04/1971
"Srta. Bárbara Espinoza Filho";alma80@deverso.net.br;602.999.561-80;"Santa Tábata do Norte";GO;29/08/2007
"Agustina Maiara Aragão Jr.";theo.campos@gmail.com;659.764.454-97;"Nero d'Oeste";MG;26/08/1984
